time,pos_x,pos_y,pos_z,rot_x,rot_y,rot_z
261.1582,0,0,0,0,0,0
261.1684,0,0,0,0,0,0
261.1729,0,0,0,0,0,0
261.1772,0,0,0,0,0,0
261.1815,0,0,0,0,0,0
261.1854,0,0,0,0,0,0
261.1898,0,0,0,0,0,0
261.1937,0,0,0,0,0,0
261.1977,0,0,0,0,0,0
261.2014,0,0,0,0,0,0
261.2054,0,0,0,0,0,0
261.2095,0,0,0,0,0,0
261.2134,0,0,0,0,0,0
261.2174,0,0,0,0,0,0
261.222,0,0,0,0,0,0
261.2263,0,0,0,0,0,0
261.2303,0,0,0,0,0,0
261.2344,0,0,0,0,0,0
261.2386,0,0,0,0,0,0
261.2425,0,0,0,0,0,0
261.247,0,0,0,0,0,0
261.253,0,0,0,0,0,0
261.2588,0,0,0,0,0,0
261.2635,0,0,0,0,0,0
261.2675,0,0,0,0,0,0
261.2713,0,0,0,0,0,0
261.2748,0,0,0,0,0,0
261.2791,0,0,0,0,0,0
261.2829,0,0,0,0,0,0
261.2866,0,0,0,0,0,0
261.2901,0,0,0,0,0,0
261.2936,0,0,0,0,0,0
261.2975,0,0,0,0,0,0
261.3011,0,0,0,0,0,0
261.3046,0,0,0,0,0,0
261.3085,0,0,0,0,0,0
261.3128,0,0,0,0,0,0
261.3167,0,0,0,0,0,0
261.3204,0,0,0,0,0,0
261.3241,0,0,0,0,0,0
261.3283,0,0,0,0,0,0
261.3323,0,0,0,0,0,0
261.3362,0,0,0,0,0,0
261.3401,0,0,0,0,0,0
261.344,0,0,0,0,0,0
261.3479,0,0,0,0,0,0
261.3517,0,0,0,0,0,0
261.3557,0,0,0,0,0,0
261.3596,0,0,0,0,0,0
261.3643,0,0,0,0,0,0
261.3687,0,0,0,0,0,0
261.3726,0,0,0,0,0,0
261.3768,0,0,0,0,0,0
261.3829,0,0,0,0,0,0
261.3879,0,0,0,0,0,0
261.3925,0,0,0,0,0,0
261.397,0,0,0,0,0,0
261.4011,0,0,0,0,0,0
261.4055,0,0,0,0,0,0
261.4095,0,0,0,0,0,0
261.4137,0,0,0,0,0,0
261.4181,0,0,0,0,0,0
261.4229,0,0,0,0,0,0
261.4272,0,0,0,0,0,0
261.431,0,0,0,0,0,0
261.435,0,0,0,0,0,0
261.4397,0,0,0,0,0,0
261.4447,0,0,0,0,0,0
261.4496,0,0,0,0,0,0
261.4537,0,0,0,0,0,0
261.458,0,0,0,0,0,0
261.4621,0,0,0,0,0,0
261.4666,0,0,0,0,0,0
261.4708,0,0,0,0,0,0
261.4753,0,0,0,0,0,0
261.4795,0,0,0,0,0,0
261.4842,0,0,0,0,0,0
261.489,0,0,0,0,0,0
261.4929,0,0,0,0,0,0
261.4974,0,0,0,0,0,0
261.5019,0,0,0,0,0,0
261.5062,0,0,0,0,0,0
261.5103,0,0,0,0,0,0
261.5157,0,0,0,0,0,0
261.5201,0,0,0,0,0,0
261.5245,0,0,0,0,0,0
261.5293,0,0,0,0,0,0
261.5338,0,0,0,0,0,0
261.5377,0,0,0,0,0,0
261.542,0,0,0,0,0,0
261.5468,0,0,0,0,0,0
261.5508,0,0,0,0,0,0
261.555,0,0,0,0,0,0
261.5608,0,0,0,0,0,0
261.5656,0,0,0,0,0,0
261.5695,0,0,0,0,0,0
261.574,0,0,0,0,0,0
261.5791,0,0,0,0,0,0
261.5836,0,0,0,0,0,0
261.5883,0,0,0,0,0,0
261.5928,0,0,0,0,0,0
261.5968,0,0,0,0,0,0
261.6008,0,0,0,0,0,0
261.6053,0,0,0,0,0,0
261.6098,0,0,0,0,0,0
261.6136,0,0,0,0,0,0
261.618,0,0,0,0,0,0
261.6233,0,0,0,0,0,0
261.6285,0,0,0,0,0,0
261.6332,0,0,0,0,0,0
261.6381,0,0,0,0,0,0
261.6423,0,0,0,0,0,0
261.6467,0,0,0,0,0,0
261.6508,0,0,0,0,0,0
261.6552,0,0,0,0,0,0
261.6596,0,0,0,0,0,0
261.6638,0,0,0,0,0,0
261.6683,0,0,0,0,0,0
261.6734,0,0,0,0,0,0
261.6774,0,0,0,0,0,0
261.6812,0,0,0,0,0,0
261.6864,0,0,0,0,0,0
261.691,0,0,0,0,0,0
261.6954,0,0,0,0,0,0
261.6993,0,0,0,0,0,0
261.7034,0,0,0,0,0,0
261.7083,0,0,0,0,0,0
261.7123,0,0,0,0,0,0
261.7166,0,0,0,0,0,0
261.7226,0,0,0,0,0,0
261.7268,0,0,0,0,0,0
261.7314,0,0,0,0,0,0
261.7361,0,0,0,0,0,0
261.7403,0,0,0,0,0,0
261.7441,0,0,0,0,0,0
261.7489,0,0,0,0,0,0
261.7534,0,0,0,0,0,0
261.7575,0,0,0,0,0,0
261.7612,0,0,0,0,0,0
261.7661,0,0,0,0,0,0
261.7704,0,0,0,0,0,0
261.7741,0,0,0,0,0,0
261.7781,0,0,0,0,0,0
261.7819,0,0,0,0,0,0
261.7863,0,0,0,0,0,0
261.7901,0,0,0,0,0,0
261.7939,0,0,0,0,0,0
261.7984,0,0,0,0,0,0
261.8023,0,0,0,0,0,0
261.8061,0,0,0,0,0,0
261.8098,0,0,0,0,0,0
261.8137,0,0,0,0,0,0
261.8177,0,0,0,0,0,0
261.8211,0,0,0,0,0,0
261.825,0,0,0,0,0,0
261.8285,0,0,0,0,0,0
261.8321,0,0,0,0,0,0
261.8356,0,0,0,0,0,0
261.8395,0,0,0,0,0,0
261.8433,0,0,0,0,0,0
261.8473,0,0,0,0,0,0
261.8512,0,0,0,0,0,0
261.8547,0,0,0,0,0,0
261.8587,0,0,0,0,0,0
261.8625,0,0,0,0,0,0
261.8665,0,0,0,0,0,0
261.87,0,0,0,0,0,0
261.8745,0,0,0,0,0,0
261.8795,0,0,0,0,0,0
261.8834,0,0,0,0,0,0
261.887,0,0,0,0,0,0
261.8909,0,0,0,0,0,0
261.8945,0,0,0,0,0,0
261.8987,0,0,0,0,0,0
261.9022,0,0,0,0,0,0
261.9063,0,0,0,0,0,0
261.9099,0,0,0,0,0,0
261.9135,0,0,0,0,0,0
261.9174,0,0,0,0,0,0
261.9207,0,0,0,0,0,0
261.9245,0,0,0,0,0,0
261.928,0,0,0,0,0,0
261.9316,0,0,0,0,0,0
261.9359,0,0,0,0,0,0
261.9399,0,0,0,0,0,0
261.9436,0,0,0,0,0,0
261.9474,0,0,0,0,0,0
261.951,0,0,0,0,0,0
261.9547,0,0,0,0,0,0
261.9584,0,0,0,0,0,0
261.9624,0,0,0,0,0,0
261.9672,0,0,0,0,0,0
261.971,0,0,0,0,0,0
261.9748,0,0,0,0,0,0
261.9784,0,0,0,0,0,0
261.982,0,0,0,0,0,0
261.9861,0,0,0,0,0,0
261.9901,0,0,0,0,0,0
261.9938,0,0,0,0,0,0
261.9981,0,0,0,0,0,0
262.0026,0,0,0,0,0,0
262.007,0,0,0,0,0,0
262.0108,0,0,0,0,0,0
262.015,0,0,0,0,0,0
262.0189,0,0,0,0,0,0
262.0228,0,0,0,0,0,0
262.0278,0,0,0,0,0,0
262.0321,0,0,0,0,0,0
262.0359,0,0,0,0,0,0
262.0409,0,0,0,0,0,0
262.0462,0,0,0,0,0,0
262.0509,0,0,0,0,0,0
262.0549,0,0,0,0,0,0
262.0592,0,0,0,0,0,0
262.0633,0,0,0,0,0,0
262.0676,0,0,0,0,0,0
262.0714,0,0,0,0,0,0
262.0753,0,0,0,0,0,0
262.0786,0,0,0,0,0,0
262.0822,0,0,0,0,0,0
262.0859,0,0,0,0,0,0
262.0894,0,0,0,0,0,0
262.094,0,0,0,0,0,0
262.0996,0,0,0,0,0,0
262.1049,0,0,0,0,0,0
262.1094,0,0,0,0,0,0
262.115,0,0,0,0,0,0
262.1199,0,0,0,0,0,0
262.1242,0,0,0,0,0,0
262.1284,0,0,0,0,0,0
262.1327,0,0,0,0,0,0
262.1371,0,0,0,0,0,0
262.1429,0,0,0,0,0,0
262.1479,0,0,0,0,0,0
262.1522,0,0,0,0,0,0
262.1575,0,0,0,0,0,0
262.1615,0,0,0,0,0,0
262.1665,0,0,0,0,0,0
262.1707,0,0,0,0,0,0
262.1747,0,0,0,0,0,0
262.179,0,0,0,0,0,0
262.1833,0,0,0,0,0,0
262.1872,0,0,0,0,0,0
262.1914,0,0,0,0,0,0
262.1948,0,0,0,0,0,0
262.1994,0,0,0,0,0,0
262.2036,0,0,0,0,0,0
262.2077,0,0,0,0,0,0
262.2121,0,0,0,0,0,0
262.2187,0,0,0,0,0,0
262.2231,0,0,0,0,0,0
262.2271,0,0,0,0,0,0
262.2316,0,0,0,0,0,0
262.2365,0,0,0,0,0,0
262.2406,0,0,0,0,0,0
262.2445,0,0,0,0,0,0
262.2484,0,0,0,0,0,0
262.2535,0,0,0,0,0,0
262.2573,0,0,0,0,0,0
262.261,0,0,0,0,0,0
262.2654,0,0,0,0,0,0
262.2695,0,0,0,0,0,0
262.2733,0,0,0,0,0,0
262.2769,0,0,0,0,0,0
262.2807,0,0,0,0,0,0
262.2847,0,0,0,0,0,0
262.2888,0,0,0,0,0,0
262.2924,0,0,0,0,0,0
262.2964,0,0,0,0,0,0
262.3002,0,0,0,0,0,0
262.3039,0,0,0,0,0,0
262.3078,0,0,0,0,0,0
262.3115,0,0,0,0,0,0
262.3159,0,0,0,0,0,0
262.3193,0,0,0,0,0,0
262.323,0,0,0,0,0,0
262.3274,0,0,0,0,0,0
262.3318,0,0,0,0,0,0
262.3362,0,0,0,0,0,0
262.3403,0,0,0,0,0,0
262.3439,0,0,0,0,0,0
262.3482,0,0,0,0,0,0
262.3521,0,0,0,0,0,0
262.3559,0,0,0,0,0,0
262.3599,0,0,0,0,0,0
262.3638,0,0,0,0,0,0
262.3687,0,0,0,0,0,0
262.3723,0,0,0,0,0,0
262.3767,0,0,0,0,0,0
262.381,0,0,0,0,0,0
262.3849,0,0,0,0,0,0
262.3896,0,0,0,0,0,0
262.3937,0,0,0,0,0,0
262.3974,0,0,0,0,0,0
262.4012,0,0,0,0,0,0
262.4054,0,0,0,0,0,0
262.4093,0,0,0,0,0,0
262.4138,0,0,0,0,0,0
262.4178,0,0,0,0,0,0
262.4217,0,0,0,0,0,0
262.4269,0,0,0,0,0,0
262.4313,0,0,0,0,0,0
262.4358,0,0,0,0,0,0
262.4404,0,0,0,0,0,0
262.4443,0,0,0,0,0,0
262.4481,0,0,0,0,0,0
262.4522,0,0,0,0,0,0
262.4564,0,0,0,0,0,0
262.4607,0,0,0,0,0,0
262.4646,0,0,0,0,0,0
262.4684,0,0,0,0,0,0
262.4722,0,0,0,0,0,0
262.4759,0,0,0,0,0,0
262.4798,0,0,0,0,0,0
262.4836,0,0,0,0,0,0
262.4872,0,0,0,0,0,0
262.4908,0,0,0,0,0,0
262.4946,0,0,0,0,0,0
262.4992,0,0,0,0,0,0
262.5028,0,0,0,0,0,0
262.5064,0,0,0,0,0,0
262.5102,0,0,0,0,0,0
262.514,0,0,0,0,0,0
262.518,0,0,0,0,0,0
262.5221,0,0,0,0,0,0
262.526,0,0,0,0,0,0
262.5307,0,0,0,0,0,0
262.5353,0,0,0,0,0,0
262.5399,0,0,0,0,0,0
262.5435,0,0,0,0,0,0
262.5477,0,0,0,0,0,0
262.5515,0,0,0,0,0,0
262.5553,0,0,0,0,0,0
262.56,0,0,0,0,0,0
262.5649,0,0,0,0,0,0
262.5693,0,0,0,0,0,0
262.5734,0,0,0,0,0,0
262.5773,0,0,0,0,0,0
262.5813,0,0,0,0,0,0
262.5853,0,0,0,0,0,0
262.5893,0,0,0,0,0,0
262.593,0,0,0,0,0,0
262.5965,0,0,0,0,0,0
262.5999,0,0,0,0,0,0
262.6034,0,0,0,0,0,0
262.6078,0,0,0,0,0,0
262.6122,0,0,0,0,0,0
262.6162,0,0,0,0,0,0
262.6197,0,0,0,0,0,0
262.6235,0,0,0,0,0,0
262.6276,0,0,0,0,0,0
262.6313,0,0,0,0,0,0
262.6346,0,0,0,0,0,0
262.6382,0,0,0,0,0,0
262.6422,0,0,0,0,0,0
262.6458,0,0,0,0,0,0
262.6496,0,0,0,0,0,0
262.6538,0,0,0,0,0,0
262.6576,0,0,0,0,0,0
262.6613,0,0,0,0,0,0
262.665,0,0,0,0,0,0
262.6689,0,0,0,0,0,0
262.6726,0,0,0,0,0,0
262.6765,0,0,0,0,0,0
262.6801,0,0,0,0,0,0
262.6836,0,0,0,0,0,0
262.6876,0,0,0,0,0,0
262.6919,0,0,0,0,0,0
262.6961,0,0,0,0,0,0
262.7,0,0,0,0,0,0
262.704,0,0,0,0,0,0
262.7088,0,0,0,0,0,0
262.7127,0,0,0,0,0,0
262.7171,0,0,0,0,0,0
262.7211,0,0,0,0,0,0
262.7248,0,0,0,0,0,0
262.7295,0,0,0,0,0,0
262.7335,0,0,0,0,0,0
262.7368,0,0,0,0,0,0
262.7407,0,0,0,0,0,0
262.7453,0,0,0,0,0,0
262.754,0,0,0,0,0,0
262.7588,0,0,0,0,0,0
262.7632,0,0,0,0,0,0
262.7673,0,0,0,0,0,0
262.7711,0,0,0,0,0,0
262.7755,0,0,0,0,0,0
262.78,0,0,0,0,0,0
262.7843,0,0,0,0,0,0
262.788,0,0,0,0,0,0
262.792,0,0,0,0,0,0
262.7971,0,0,0,0,0,0
262.8012,0,0,0,0,0,0
262.8052,0,0,0,0,0,0
262.8096,0,0,0,0,0,0
262.8138,0,0,0,0,0,0
262.8175,0,0,0,0,0,0
262.822,0,0,0,0,0,0
262.8266,0,0,0,0,0,0
262.8345,0,0,0,0,0,0
262.8397,0,0,0,0,0,0
262.8441,0,0,0,0,0,0
262.8481,0,0,0,0,0,0
262.8516,0,0,0,0,0,0
262.8565,0,0,0,0,0,0
262.8608,0,0,0,0,0,0
262.8649,0,0,0,0,0,0
262.8688,0,0,0,0,0,0
262.8754,0,0,0,0,0,0
262.8805,0,0,0,0,0,0
262.8846,0,0,0,0,0,0
262.8891,0,0,0,0,0,0
262.8937,0,0,0,0,0,0
262.8976,0,0,0,0,0,0
262.902,0,0,0,0,0,0
262.9067,0,0,0,0,0,0
262.9148,0,0,0,0,0,0
262.9189,0,0,0,0,0,0
262.9269,0,0,0,0,0,0
262.9312,0,0,0,0,0,0
262.9355,0,0,0,0,0,0
262.9404,0,0,0,0,0,0
262.9443,0,0,0,0,0,0
262.95,0,0,0,0,0,0
262.9544,0,0,0,0,0,0
262.9583,0,0,0,0,0,0
262.9619,0,0,0,0,0,0
262.9658,0,0,0,0,0,0
262.9701,0,0,0,0,0,0
262.9761,0,0,0,0,0,0
262.9802,0,0,0,0,0,0
262.9852,0,0,0,0,0,0
262.9896,0,0,0,0,0,0
262.9933,0,0,0,0,0,0
262.9969,0,0,0,0,0,0
263.0015,0,0,0,0,0,0
263.0068,0,0,0,0,0,0
263.0109,0,0,0,0,0,0
263.0146,0,0,0,0,0,0
263.0193,0,0,0,0,0,0
263.0239,0,0,0,0,0,0
263.0281,0,0,0,0,0,0
263.0351,0,0,0,0,0,0
263.0409,0,0,0,0,0,0
263.0451,0,0,0,0,0,0
263.0525,0,0,0,0,0,0
263.0569,0,0,0,0,0,0
263.0608,0,0,0,0,0,0
263.066,0,0,0,0,0,0
263.0699,0,0,0,0,0,0
263.0742,0,0,0,0,0,0
263.0778,0,0,0,0,0,0
263.083,0,0,0,0,0,0
263.0883,0,0,0,0,0,0
263.0923,0,0,0,0,0,0
263.0977,0,0,0,0,0,0
263.1018,0,0,0,0,0,0
263.1058,0,0,0,0,0,0
263.1095,0,0,0,0,0,0
263.1148,0,0,0,0,0,0
263.1192,0,0,0,0,0,0
263.1229,0,0,0,0,0,0
263.1272,0,0,0,0,0,0
263.1329,0,0,0,0,0,0
263.1369,0,0,0,0,0,0
263.141,0,0,0,0,0,0
263.1456,0,0,0,0,0,0
263.1501,0,0,0,0,0,0
263.1538,0,0,0,0,0,0
263.1584,0,0,0,0,0,0
263.1636,0,0,0,0,0,0
263.1687,0,0,0,0,0,0
263.1731,0,0,0,0,0,0
263.1787,0,0,0,0,0,0
263.1851,0,0,0,0,0,0
263.1898,0,0,0,0,0,0
263.195,0,0,0,0,0,0
263.2007,0,0,0,0,0,0
263.2045,0,0,0,0,0,0
263.2093,0,0,0,0,0,0
263.2138,0,0,0,0,0,0
263.2174,0,0,0,0,0,0
263.2213,0,0,0,0,0,0
263.2263,0,0,0,0,0,0
263.2309,0,0,0,0,0,0
263.2348,0,0,0,0,0,0
263.2387,0,0,0,0,0,0
263.2435,0,0,0,0,0,0
263.2481,0,0,0,0,0,0
263.252,0,0,0,0,0,0
263.257,0,0,0,0,0,0
263.261,0,0,0,0,0,0
263.2653,0,0,0,0,0,0
263.2697,0,0,0,0,0,0
263.274,0,0,0,0,0,0
263.2781,0,0,0,0,0,0
263.2823,0,0,0,0,0,0
263.2863,0,0,0,0,0,0
263.2911,0,0,0,0,0,0
263.2948,0,0,0,0,0,0
263.2984,0,0,0,0,0,0
263.3019,0,0,0,0,0,0
263.3061,0,0,0,0,0,0
263.3097,0,0,0,0,0,0
263.3139,0,0,0,0,0,0
263.3176,0,0,0,0,0,0
263.322,0,0,0,0,0,0
263.3261,0,0,0,0,0,0
263.3304,0,0,0,0,0,0
263.3343,0,0,0,0,0,0
263.3377,0,0,0,0,0,0
263.3413,0,0,0,0,0,0
263.3458,0,0,0,0,0,0
263.3496,0,0,0,0,0,0
263.3536,0,0,0,0,0,0
263.358,0,0,0,0,0,0
263.3622,0,0,0,0,0,0
263.3665,0,0,0,0,0,0
263.3704,0,0,0,0,0,0
263.3743,0,0,0,0,0,0
263.3784,0,0,0,0,0,0
263.3823,0,0,0,0,0,0
263.3861,0,0,0,0,0,0
263.39,0,0,0,0,0,0
263.3937,0,0,0,0,0,0
263.3978,0,0,0,0,0,0
263.4012,0,0,0,0,0,0
263.4051,0,0,0,0,0,0
263.4093,0,0,0,0,0,0
263.4129,0,0,0,0,0,0
263.4165,0,0,0,0,0,0
263.4202,0,0,0,0,0,0
263.4245,0,0,0,0,0,0
263.428,0,0,0,0,0,0
263.4316,0,0,0,0,0,0
263.4352,0,0,0,0,0,0
263.441,0,0,0,0,0,0
263.4451,0,0,0,0,0,0
263.4489,0,0,0,0,0,0
263.4525,0,0,0,0,0,0
263.4563,0,0,0,0,0,0
263.4601,0,0,0,0,0,0
263.4641,0,0,0,0,0,0
263.4676,0,0,0,0,0,0
263.4724,0,0,0,0,0,0
263.4767,0,0,0,0,0,0
263.4807,0,0,0,0,0,0
263.4847,0,0,0,0,0,0
263.4886,0,0,0,0,0,0
263.4921,0,0,0,0,0,0
263.4958,0,0,0,0,0,0
263.5004,0,0,0,0,0,0
263.5053,0,0,0,0,0,0
263.509,0,0,0,0,0,0
263.5125,0,0,0,0,0,0
263.5165,0,0,0,0,0,0
263.5198,0,0,0,0,0,0
263.5235,0,0,0,0,0,0
263.5274,0,0,0,0,0,0
263.5313,0,0,0,0,0,0
263.5351,0,0,0,0,0,0
263.5396,0,0,0,0,0,0
263.543,0,0,0,0,0,0
263.5596,0,0,0,0,0,0
263.5695,0,0,0,0,0,0
263.5735,0,0,0,0,0,0
263.5776,0,0,0,0,0,0
263.5817,0,0,0,0,0,0
263.586,0,0,0,0,0,0
263.5904,0,0,0,0,0,0
263.5948,0,0,0,0,0,0
263.5989,0,0,0,0,0,0
263.6026,0,0,0,0,0,0
263.6068,0,0,0,0,0,0
263.6104,0,0,0,0,0,0
263.614,0,0,0,0,0,0
263.6177,0,0,0,0,0,0
263.6211,0,0,0,0,0,0
263.6253,0,0,0,0,0,0
263.6293,0,0,0,0,0,0
263.633,0,0,0,0,0,0
263.6363,0,0,0,0,0,0
263.6404,0,0,0,0,0,0
263.6446,0,0,0,0,0,0
263.649,0,0,0,0,0,0
263.6526,0,0,0,0,0,0
263.6567,0,0,0,0,0,0
263.6603,0,0,0,0,0,0
263.6645,0,0,0,0,0,0
263.669,0,0,0,0,0,0
263.6727,0,0,0,0,0,0
263.6763,0,0,0,0,0,0
263.6798,0,0,0,0,0,0
263.6833,0,0,0,0,0,0
263.6881,0,0,0,0,0,0
263.6922,0,0,0,0,0,0
263.6962,0,0,0,0,0,0
263.6998,0,0,0,0,0,0
263.7043,0,0,0,0,0,0
263.709,0,0,0,0,0,0
263.7128,0,0,0,0,0,0
263.7168,0,0,0,0,0,0
263.7216,0,0,0,0,0,0
263.7261,0,0,0,0,0,0
263.7298,0,0,0,0,0,0
263.7336,0,0,0,0,0,0
263.738,0,0,0,0,0,0
263.7424,0,0,0,0,0,0
263.7462,0,0,0,0,0,0
263.7504,0,0,0,0,0,0
263.7546,0,0,0,0,0,0
263.7591,0,0,0,0,0,0
263.7633,0,0,0,0,0,0
263.767,0,0,0,0,0,0
263.7721,0,0,0,0,0,0
263.7761,0,0,0,0,0,0
263.7798,0,0,0,0,0,0
263.7845,0,0,0,0,0,0
263.789,0,0,0,0,0,0
263.7925,0,0,0,0,0,0
263.7968,0,0,0,0,0,0
263.8016,0,0,0,0,0,0
263.8062,0,0,0,0,0,0
263.81,0,0,0,0,0,0
263.8141,0,0,0,0,0,0
263.8184,0,0,0,0,0,0
263.8228,0,0,0,0,0,0
263.8267,0,0,0,0,0,0
263.8303,0,0,0,0,0,0
263.8344,0,0,0,0,0,0
263.8402,0,0,0,0,0,0
263.8441,0,0,0,0,0,0
263.8487,0,0,0,0,0,0
263.8528,0,0,0,0,0,0
263.8573,0,0,0,0,0,0
263.8609,0,0,0,0,0,0
263.8654,0,0,0,0,0,0
263.8697,0,0,0,0,0,0
263.8739,0,0,0,0,0,0
263.8775,0,0,0,0,0,0
263.8823,0,0,0,0,0,0
263.8873,0,0,0,0,0,0
263.8914,0,0,0,0,0,0
263.8962,0,0,0,0,0,0
263.9012,0,0,0,0,0,0
263.9059,0,0,0,0,0,0
263.9099,0,0,0,0,0,0
263.9145,0,0,0,0,0,0
263.9187,0,0,0,0,0,0
263.9224,0,0,0,0,0,0
263.9263,0,0,0,0,0,0
263.9301,0,0,0,0,0,0
263.9347,0,0,0,0,0,0
263.9386,0,0,0,0,0,0
263.9424,0,0,0,0,0,0
263.9467,0,0,0,0,0,0
263.951,0,0,0,0,0,0
263.9549,0,0,0,0,0,0
263.9584,0,0,0,0,0,0
263.9629,0,0,0,0,0,0
263.9679,0,0,0,0,0,0
263.9714,0,0,0,0,0,0
263.9751,0,0,0,0,0,0
263.9789,0,0,0,0,0,0
263.9825,0,0,0,0,0,0
263.9864,0,0,0,0,0,0
263.9903,0,0,0,0,0,0
263.9938,0,0,0,0,0,0
263.9985,0,0,0,0,0,0
264.0021,0,0,0,0,0,0
264.0064,0,0,0,0,0,0
264.0102,0,0,0,0,0,0
264.014,0,0,0,0,0,0
264.0175,0,0,0,0,0,0
264.021,0,0,0,0,0,0
264.0248,0,0,0,0,0,0
264.0289,0,0,0,0,0,0
264.0325,0,0,0,0,0,0
264.0361,0,0,0,0,0,0
264.0398,0,0,0,0,0,0
264.0437,0,0,0,0,0,0
264.0477,0,0,0,0,0,0
264.0518,0,0,0,0,0,0
264.0554,0,0,0,0,0,0
264.0601,0,0,0,0,0,0
264.0652,0,0,0,0,0,0
264.0697,0,0,0,0,0,0
264.0736,0,0,0,0,0,0
264.0778,0,0,0,0,0,0
264.0816,0,0,0,0,0,0
264.0853,0,0,0,0,0,0
264.0902,0,0,0,0,0,0
264.0948,0,0,0,0,0,0
264.0994,0,0,0,0,0,0
264.1036,0,0,0,0,0,0
264.1077,0,0,0,0,0,0
264.1112,0,0,0,0,0,0
264.115,0,0,0,0,0,0
264.1191,0,0,0,0,0,0
264.124,0,0,0,0,0,0
264.1283,0,0,0,0,0,0
264.1325,0,0,0,0,0,0
264.1376,0,0,0,0,0,0
264.1421,0,0,0,0,0,0
264.1463,0,0,0,0,0,0
264.1504,0,0,0,0,0,0
264.1548,0,0,0,0,0,0
264.1592,0,0,0,0,0,0
264.1629,0,0,0,0,0,0
264.1666,0,0,0,0,0,0
264.1721,0,0,0,0,0,0
264.1768,0,0,0,0,0,0
264.1811,0,0,0,0,0,0
264.1865,0,0,0,0,0,0
264.1917,0,0,0,0,0,0
264.196,0,0,0,0,0,0
264.201,0,0,0,0,0,0
264.2061,0,0,0,0,0,0
264.2103,0,0,0,0,0,0
264.2149,0,0,0,0,0,0
264.2199,0,0,0,0,0,0
264.2245,0,0,0,0,0,0
264.2289,0,0,0,0,0,0
264.2339,0,0,0,0,0,0
264.2388,0,0,0,0,0,0
264.2427,0,0,0,0,0,0
264.2488,0,0,0,0,0,0
264.2536,0,0,0,0,0,0
264.2577,0,0,0,0,0,0
264.2625,0,0,0,0,0,0
264.2674,0,0,0,0,0,0
264.2718,0,0,0,0,0,0
264.2756,0,0,0,0,0,0
264.2804,0,0,0,0,0,0
264.2852,0,0,0,0,0,0
264.2889,0,0,0,0,0,0
264.2928,0,0,0,0,0,0
264.2974,0,0,0,0,0,0
264.3017,0,0,0,0,0,0
264.3057,0,0,0,0,0,0
264.31,0,0,0,0,0,0
264.3144,0,0,0,0,0,0
264.3187,0,0,0,0,0,0
264.3224,0,0,0,0,0,0
264.3264,0,0,0,0,0,0
264.331,0,0,0,0,0,0
264.3347,0,0,0,0,0,0
264.3385,0,0,0,0,0,0
264.3419,0,0,0,0,0,0
264.3465,0,0,0,0,0,0
264.3511,0,0,0,0,0,0
264.355,0,0,0,0,0,0
264.3591,0,0,0,0,0,0
264.3645,0,0,0,0,0,0
264.3686,0,0,0,0,0,0
264.3729,0,0,0,0,0,0
264.3769,0,0,0,0,0,0
264.3817,0,0,0,0,0,0
264.3856,0,0,0,0,0,0
264.39,0,0,0,0,0,0
264.394,0,0,0,0,0,0
264.399,0,0,0,0,0,0
264.4028,0,0,0,0,0,0
264.4069,0,0,0,0,0,0
264.4116,0,0,0,0,0,0
264.4159,0,0,0,0,0,0
264.4201,0,0,0,0,0,0
264.424,0,0,0,0,0,0
264.4283,0,0,0,0,0,0
264.4333,0,0,0,0,0,0
264.4371,0,0,0,0,0,0
264.4409,0,0,0,0,0,0
264.4453,0,0,0,0,0,0
264.4494,0,0,0,0,0,0
264.4532,0,0,0,0,0,0
264.4573,0,0,0,0,0,0
264.4624,0,0,0,0,0,0
264.4663,0,0,0,0,0,0
264.4699,0,0,0,0,0,0
264.4743,0,0,0,0,0,0
264.4782,0,0,0,0,0,0
264.4821,0,0,0,0,0,0
264.4864,0,0,0,0,0,0
264.49,0,0,0,0,0,0
264.4944,0,0,0,0,0,0
264.4987,0,0,0,0,0,0
264.5023,0,0,0,0,0,0
264.5067,0,0,0,0,0,0
264.5105,0,0,0,0,0,0
264.5145,0,0,0,0,0,0
264.5181,0,0,0,0,0,0
264.522,0,0,0,0,0,0
264.5262,0,0,0,0,0,0
264.5299,0,0,0,0,0,0
264.5334,0,0,0,0,0,0
264.5368,0,0,0,0,0,0
264.5407,0,0,0,0,0,0
264.5442,0,0,0,0,0,0
264.5481,0,0,0,0,0,0
264.5515,0,0,0,0,0,0
264.557,0,0,0,0,0,0
264.561,0,0,0,0,0,0
264.5648,0,0,0,0,0,0
264.5693,0,0,0,0,0,0
264.5734,0,0,0,0,0,0
264.5771,0,0,0,0,0,0
264.5814,0,0,0,0,0,0
264.5858,0,0,0,0,0,0
264.5897,0,0,0,0,0,0
264.5932,0,0,0,0,0,0
264.5967,0,0,0,0,0,0
264.6003,0,0,0,0,0,0
264.6051,0,0,0,0,0,0
264.6091,0,0,0,0,0,0
264.6135,0,0,0,0,0,0
264.6177,0,0,0,0,0,0
264.6219,0,0,0,0,0,0
264.6257,0,0,0,0,0,0
264.6296,0,0,0,0,0,0
264.6333,0,0,0,0,0,0
264.6369,0,0,0,0,0,0
264.6409,0,0,0,0,0,0
264.6448,0,0,0,0,0,0
264.6496,0,0,0,0,0,0
264.6534,0,0,0,0,0,0
264.657,0,0,0,0,0,0
264.6607,0,0,0,0,0,0
264.6646,0,0,0,0,0,0
264.668,0,0,0,0,0,0
264.6715,0,0,0,0,0,0
264.6751,0,0,0,0,0,0
264.679,0,0,0,0,0,0
264.6828,0,0,0,0,0,0
264.6867,0,0,0,0,0,0
264.6906,0,0,0,0,0,0
264.694,0,0,0,0,0,0
264.6981,0,0,0,0,0,0
264.702,0,0,0,0,0,0
264.7059,0,0,0,0,0,0
264.7095,0,0,0,0,0,0
264.7136,0,0,0,0,0,0
264.7171,0,0,0,0,0,0
264.7207,0,0,0,0,0,0
264.7244,0,0,0,0,0,0
264.7286,0,0,0,0,0,0
264.7325,0,0,0,0,0,0
264.7361,0,0,0,0,0,0
264.7398,0,0,0,0,0,0
264.7436,0,0,0,0,0,0
264.7476,0,0,0,0,0,0
264.7515,0,0,0,0,0,0
264.7552,0,0,0,0,0,0
264.7598,0,0,0,0,0,0
264.7635,0,0,0,0,0,0
264.767,0,0,0,0,0,0
264.7705,0,0,0,0,0,0
264.7743,0,0,0,0,0,0
264.7789,0,0,0,0,0,0
264.7826,0,0,0,0,0,0
264.7865,0,0,0,0,0,0
264.7903,0,0,0,0,0,0
264.7937,0,0,0,0,0,0
264.7977,0,0,0,0,0,0
264.8014,0,0,0,0,0,0
264.8065,0,0,0,0,0,0
264.8107,0,0,0,0,0,0
264.8148,0,0,0,0,0,0
264.8194,0,0,0,0,0,0
264.8233,0,0,0,0,0,0
264.8272,0,0,0,0,0,0
264.8308,0,0,0,0,0,0
264.8343,0,0,0,0,0,0
264.8384,0,0,0,0,0,0
264.8424,0,0,0,0,0,0
264.8461,0,0,0,0,0,0
264.85,0,0,0,0,0,0
264.8536,0,0,0,0,0,0
264.857,0,0,0,0,0,0
264.8607,0,0,0,0,0,0
264.8646,0,0,0,0,0,0
264.8686,0,0,0,0,0,0
264.8725,0,0,0,0,0,0
264.8761,0,0,0,0,0,0
264.8797,0,0,0,0,0,0
264.8833,0,0,0,0,0,0
264.8871,0,0,0,0,0,0
264.8908,0,0,0,0,0,0
264.8943,0,0,0,0,0,0
264.8984,0,0,0,0,0,0
264.9021,0,0,0,0,0,0
264.9066,0,0,0,0,0,0
264.9102,0,0,0,0,0,0
264.9146,0,0,0,0,0,0
264.9183,0,0,0,0,0,0
264.9226,0,0,0,0,0,0
264.9265,0,0,0,0,0,0
264.9306,0,0,0,0,0,0
264.9343,0,0,0,0,0,0
264.938,0,0,0,0,0,0
264.9414,0,0,0,0,0,0
264.9453,0,0,0,0,0,0
264.9492,0,0,0,0,0,0
264.9525,0,0,0,0,0,0
264.9561,0,0,0,0,0,0
264.9596,0,0,0,0,0,0
264.9641,0,0,0,0,0,0
264.9682,0,0,0,0,0,0
264.9718,0,0,0,0,0,0
264.9754,0,0,0,0,0,0
264.9791,0,0,0,0,0,0
264.9828,0,0,0,0,0,0
264.9863,0,0,0,0,0,0
264.9901,0,0,0,0,0,0
264.994,0,0,0,0,0,0
264.999,0,0,0,0,0,0
265.0025,0,0,0,0,0,0
265.0062,0,0,0,0,0,0
265.0103,0,0,0,0,0,0
265.0149,0,0,0,0,0,0
265.0188,0,0,0,0,0,0
265.0227,0,0,0,0,0,0
265.0269,0,0,0,0,0,0
265.0304,0,0,0,0,0,0
265.0338,0,0,0,0,0,0
265.0377,0,0,0,0,0,0
265.0412,0,0,0,0,0,0
265.0447,0,0,0,0,0,0
265.0488,0,0,0,0,0,0
265.0522,0,0,0,0,0,0
265.0568,0,0,0,0,0,0
265.0613,0,0,0,0,0,0
265.0656,0,0,0,0,0,0
265.0692,0,0,0,0,0,0
265.0739,0,0,0,0,0,0
265.0778,0,0,0,0,0,0
265.082,0,0,0,0,0,0
265.0858,0,0,0,0,0,0
265.0897,0,0,0,0,0,0
265.0933,0,0,0,0,0,0
265.0971,0,0,0,0,0,0
265.101,0,0,0,0,0,0
265.1057,0,0,0,0,0,0
265.1097,0,0,0,0,0,0
265.1137,0,0,0,0,0,0
265.1179,0,0,0,0,0,0
265.1219,0,0,0,0,0,0
265.1256,0,0,0,0,0,0
265.1291,0,0,0,0,0,0
265.1338,0,0,0,0,0,0
265.1378,0,0,0,0,0,0
265.1418,0,0,0,0,0,0
265.1461,0,0,0,0,0,0
265.1502,0,0,0,0,0,0
265.1542,0,0,0,0,0,0
265.1576,0,0,0,0,0,0
265.1612,0,0,0,0,0,0
265.1657,0,0,0,0,0,0
265.1695,0,0,0,0,0,0
265.1733,0,0,0,0,0,0
265.1768,0,0,0,0,0,0
265.1814,0,0,0,0,0,0
265.1856,0,0,0,0,0,0
265.1901,0,0,0,0,0,0
265.1944,0,0,0,0,0,0
265.1986,0,0,0,0,0,0
265.2031,0,0,0,0,0,0
265.2076,0,0,0,0,0,0
265.2115,0,0,0,0,0,0
265.2154,0,0,0,0,0,0
265.2191,0,0,0,0,0,0
265.2229,0,0,0,0,0,0
265.2268,0,0,0,0,0,0
265.2308,0,0,0,0,0,0
265.2345,0,0,0,0,0,0
265.2382,0,0,0,0,0,0
265.2419,0,0,0,0,0,0
265.2456,0,0,0,0,0,0
265.2492,0,0,0,0,0,0
265.2528,0,0,0,0,0,0
265.258,0,0,0,0,0,0
265.2616,0,0,0,0,0,0
265.2657,0,0,0,0,0,0
265.2696,0,0,0,0,0,0
265.2734,0,0,0,0,0,0
265.2769,0,0,0,0,0,0
265.2807,0,0,0,0,0,0
265.2844,0,0,0,0,0,0
265.289,0,0,0,0,0,0
265.293,0,0,0,0,0,0
265.2966,0,0,0,0,0,0
265.3002,0,0,0,0,0,0
265.3042,0,0,0,0,0,0
265.3079,0,0,0,0,0,0
265.3112,0,0,0,0,0,0
265.3149,0,0,0,0,0,0
265.3193,0,0,0,0,0,0
265.3231,0,0,0,0,0,0
265.3267,0,0,0,0,0,0
265.3306,0,0,0,0,0,0
265.3341,0,0,0,0,0,0
265.3379,0,0,0,0,0,0
265.3413,0,0,0,0,0,0
265.3452,0,0,0,0,0,0
265.3489,0,0,0,0,0,0
265.3525,0,0,0,0,0,0
265.3563,0,0,0,0,0,0
265.3598,0,0,0,0,0,0
265.3638,0,0,0,0,0,0
265.3676,0,0,0,0,0,0
265.3712,0,0,0,0,0,0
265.3746,0,0,0,0,0,0
265.379,0,0,0,0,0,0
265.3826,0,0,0,0,0,0
265.3861,0,0,0,0,0,0
265.39,0,0,0,0,0,0
265.3939,0,0,0,0,0,0
265.398,0,0,0,0,0,0
265.4019,0,0,0,0,0,0
265.406,0,0,0,0,0,0
265.4097,0,0,0,0,0,0
265.4135,0,0,0,0,0,0
265.4171,0,0,0,0,0,0
265.4209,0,0,0,0,0,0
265.4247,0,0,0,0,0,0
265.4286,0,0,0,0,0,0
265.4321,0,0,0,0,0,0
265.4357,0,0,0,0,0,0
265.4395,0,0,0,0,0,0
265.4432,0,0,0,0,0,0
265.447,0,0,0,0,0,0
265.4515,0,0,0,0,0,0
265.4553,0,0,0,0,0,0
265.4589,0,0,0,0,0,0
265.4623,0,0,0,0,0,0
265.4669,0,0,0,0,0,0
265.471,0,0,0,0,0,0
265.4747,0,0,0,0,0,0
265.4785,0,0,0,0,0,0
265.4832,0,0,0,0,0,0
265.4883,0,0,0,0,0,0
265.4921,0,0,0,0,0,0
265.4962,0,0,0,0,0,0
265.5,0,0,0,0,0,0
265.5039,0,0,0,0,0,0
265.5074,0,0,0,0,0,0
265.5111,0,0,0,0,0,0
265.5159,0,0,0,0,0,0
265.5202,0,0,0,0,0,0
265.5241,0,0,0,0,0,0
265.528,0,0,0,0,0,0
265.5321,0,0,0,0,0,0
265.5355,0,0,0,0,0,0
265.5392,0,0,0,0,0,0
265.5427,0,0,0,0,0,0
265.5475,0,0,0,0,0,0
265.5523,0,0,0,0,0,0
265.5561,0,0,0,0,0,0
265.5594,0,0,0,0,0,0
265.5636,0,0,0,0,0,0
265.5699,0,0,0,0,0,0
265.5746,0,0,0,0,0,0
265.5797,0,0,0,0,0,0
265.5839,0,0,0,0,0,0
265.588,0,0,0,0,0,0
265.5917,0,0,0,0,0,0
265.5957,0,0,0,0,0,0
265.5995,0,0,0,0,0,0
265.6031,0,0,0,0,0,0
265.6072,0,0,0,0,0,0
265.6113,0,0,0,0,0,0
265.6164,0,0,0,0,0,0
265.6208,0,0,0,0,0,0
265.6251,0,0,0,0,0,0
265.6288,0,0,0,0,0,0
265.6324,0,0,0,0,0,0
265.6361,0,0,0,0,0,0
265.64,0,0,0,0,0,0
265.6437,0,0,0,0,0,0
265.6477,0,0,0,0,0,0
265.6512,0,0,0,0,0,0
265.6548,0,0,0,0,0,0
265.6595,0,0,0,0,0,0
265.6632,0,0,0,0,0,0
265.6667,0,0,0,0,0,0
265.6705,0,0,0,0,0,0
265.6744,0,0,0,0,0,0
265.6788,0,0,0,0,0,0
265.6826,0,0,0,0,0,0
265.6861,0,0,0,0,0,0
265.6903,0,0,0,0,0,0
265.6941,0,0,0,0,0,0
265.6981,0,0,0,0,0,0
265.7018,0,0,0,0,0,0
265.7065,0,0,0,0,0,0
265.7104,0,0,0,0,0,0
265.7146,0,0,0,0,0,0
265.7182,0,0,0,0,0,0
265.7223,0,0,0,0,0,0
265.726,0,0,0,0,0,0
265.7295,0,0,0,0,0,0
265.7332,0,0,0,0,0,0
265.7383,0,0,0,0,0,0
265.7424,0,0,0,0,0,0
265.7466,0,0,0,0,0,0
265.7507,0,0,0,0,0,0
265.7544,0,0,0,0,0,0
265.7579,0,0,0,0,0,0
265.7614,0,0,0,0,0,0
265.7655,0,0,0,0,0,0
265.769,0,0,0,0,0,0
265.7729,0,0,0,0,0,0
265.7769,0,0,0,0,0,0
265.7805,0,0,0,0,0,0
265.7841,0,0,0,0,0,0
265.7878,0,0,0,0,0,0
265.7911,0,0,0,0,0,0
265.7949,0,0,0,0,0,0
265.799,0,0,0,0,0,0
265.8025,0,0,0,0,0,0
265.8065,0,0,0,0,0,0
265.8101,0,0,0,0,0,0
265.8144,0,0,0,0,0,0
265.8181,0,0,0,0,0,0
265.8219,0,0,0,0,0,0
265.8258,0,0,0,0,0,0
265.8295,0,0,0,0,0,0
265.8332,0,0,0,0,0,0
265.8368,0,0,0,0,0,0
265.8406,0,0,0,0,0,0
265.8442,0,0,0,0,0,0
265.8483,0,0,0,0,0,0
265.8518,0,0,0,0,0,0
265.8553,0,0,0,0,0,0
265.8589,0,0,0,0,0,0
265.8627,0,0,0,0,0,0
265.8665,0,0,0,0,0,0
265.8705,0,0,0,0,0,0
265.8745,0,0,0,0,0,0
265.878,0,0,0,0,0,0
265.8817,0,0,0,0,0,0
265.8857,0,0,0,0,0,0
265.8894,0,0,0,0,0,0
265.8932,0,0,0,0,0,0
265.8972,0,0,0,0,0,0
265.9007,0,0,0,0,0,0
265.9043,0,0,0,0,0,0
265.9093,0,0,0,0,0,0
265.9129,0,0,0,0,0,0
265.9164,0,0,0,0,0,0
265.9199,0,0,0,0,0,0
265.9248,0,0,0,0,0,0
265.9293,0,0,0,0,0,0
265.933,0,0,0,0,0,0
265.937,0,0,0,0,0,0
265.9418,0,0,0,0,0,0
265.9461,0,0,0,0,0,0
265.9501,0,0,0,0,0,0
265.9536,0,0,0,0,0,0
265.9576,0,0,0,0,0,0
265.9612,0,0,0,0,0,0
265.9652,0,0,0,0,0,0
265.969,0,0,0,0,0,0
265.9732,0,0,0,0,0,0
265.9771,0,0,0,0,0,0
265.9806,0,0,0,0,0,0
265.9842,0,0,0,0,0,0
265.9881,0,0,0,0,0,0
265.9915,0,0,0,0,0,0
265.9951,0,0,0,0,0,0
265.9996,0,0,0,0,0,0
266.0033,0,0,0,0,0,0
266.0072,0,0,0,0,0,0
266.0109,0,0,0,0,0,0
266.015,0,0,0,0,0,0
266.0193,0,0,0,0,0,0
266.0232,0,0,0,0,0,0
266.0466,0,0,0,0,0,0
266.0515,0,0,0,0,0,0
266.0559,0,0,0,0,0,0
266.0609,0,0,0,0,0,0
266.066,0,0,0,0,0,0
266.0696,0,0,0,0,0,0
266.0737,0,0,0,0,0,0
266.0781,0,0,0,0,0,0
266.0835,0,0,0,0,0,0
266.088,0,0,0,0,0,0
266.0924,0,0,0,0,0,0
266.0979,0,0,0,0,0,0
266.1028,0,0,0,0,0,0
266.107,0,0,0,0,0,0
266.1128,0,0,0,0,0,0
266.1166,0,0,0,0,0,0
266.1209,0,0,0,0,0,0
266.1255,0,0,0,0,0,0
266.1306,0,0,0,0,0,0
266.1342,0,0,0,0,0,0
266.1377,0,0,0,0,0,0
266.1429,0,0,0,0,0,0
266.1482,0,0,0,0,0,0
266.1521,0,0,0,0,0,0
266.1571,0,0,0,0,0,0
266.1615,0,0,0,0,0,0
266.1655,0,0,0,0,0,0
266.1694,0,0,0,0,0,0
266.1753,0,0,0,0,0,0
266.1802,0,0,0,0,0,0
266.1842,0,0,0,0,0,0
266.1892,0,0,0,0,0,0
266.1939,0,0,0,0,0,0
266.1974,0,0,0,0,0,0
266.201,0,0,0,0,0,0
266.2064,0,0,0,0,0,0
266.2121,0,0,0,0,0,0
266.216,0,0,0,0,0,0
266.2206,0,0,0,0,0,0
266.225,0,0,0,0,0,0
266.2297,0,0,0,0,0,0
266.2339,0,0,0,0,0,0
266.2379,0,0,0,0,0,0
266.2418,0,0,0,0,0,0
266.2462,0,0,0,0,0,0
266.2507,0,0,0,0,0,0
266.2545,0,0,0,0,0,0
266.2582,0,0,0,0,0,0
266.262,0,0,0,0,0,0
266.2662,0,0,0,0,0,0
266.2699,0,0,0,0,0,0
266.2738,0,0,0,0,0,0
266.2774,0,0,0,0,0,0
266.2817,0,0,0,0,0,0
266.2854,0,0,0,0,0,0
266.2896,0,0,0,0,0,0
266.293,0,0,0,0,0,0
266.2973,0,0,0,0,0,0
266.3013,0,0,0,0,0,0
266.3049,0,0,0,0,0,0
266.3087,0,0,0,0,0,0
266.3128,0,0,0,0,0,0
266.3165,0,0,0,0,0,0
266.3201,0,0,0,0,0,0
266.3239,0,0,0,0,0,0
266.3273,0,0,0,0,0,0
266.3308,0,0,0,0,0,0
266.3347,0,0,0,0,0,0
266.3388,0,0,0,0,0,0
266.3423,0,0,0,0,0,0
266.3463,0,0,0,0,0,0
266.3502,0,0,0,0,0,0
266.3536,0,0,0,0,0,0
266.3576,0,0,0,0,0,0
266.3619,0,0,0,0,0,0
266.3661,0,0,0,0,0,0
266.3698,0,0,0,0,0,0
266.3737,0,0,0,0,0,0
266.3779,0,0,0,0,0,0
266.3819,0,0,0,0,0,0
266.3857,0,0,0,0,0,0
266.3894,0,0,0,0,0,0
266.3946,0,0,0,0,0,0
266.4012,0,0,0,0,0,0
266.407,0,0,0,0,0,0
266.412,0,0,0,0,0,0
266.4174,0,0,0,0,0,0
266.4222,0,0,0,0,0,0
266.4263,0,0,0,0,0,0
266.4304,0,0,0,0,0,0
266.4344,0,0,0,0,0,0
266.4386,0,0,0,0,0,0
266.4425,0,0,0,0,0,0
266.4471,0,0,0,0,0,0
266.4511,0,0,0,0,0,0
266.4553,0,0,0,0,0,0
266.4594,0,0,0,0,0,0
266.4636,0,0,0,0,0,0
266.468,0,0,0,0,0,0
266.4723,0,0,0,0,0,0
266.476,0,0,0,0,0,0
266.4801,0,0,0,0,0,0
266.4842,0,0,0,0,0,0
266.4888,0,0,0,0,0,0
266.4928,0,0,0,0,0,0
266.4967,0,0,0,0,0,0
266.5014,0,0,0,0,0,0
266.5058,0,0,0,0,0,0
266.51,0,0,0,0,0,0
266.5142,0,0,0,0,0,0
266.5181,0,0,0,0,0,0
266.5227,0,0,0,0,0,0
266.5272,0,0,0,0,0,0
266.5315,0,0,0,0,0,0
266.5359,0,0,0,0,0,0
266.5404,0,0,0,0,0,0
266.5452,0,0,0,0,0,0
266.5501,0,0,0,0,0,0
266.5543,0,0,0,0,0,0
266.558,0,0,0,0,0,0
266.5627,0,0,0,0,0,0
266.5682,0,0,0,0,0,0
266.5724,0,0,0,0,0,0
266.5771,0,0,0,0,0,0
266.583,0,0,0,0,0,0
266.5881,0,0,0,0,0,0
266.5919,0,0,0,0,0,0
266.5974,0,0,0,0,0,0
266.602,0,0,0,0,0,0
266.606,0,0,0,0,0,0
266.6106,0,0,0,0,0,0
266.6151,0,0,0,0,0,0
266.6204,0,0,0,0,0,0
266.625,0,0,0,0,0,0
266.6307,0,0,0,0,0,0
266.6354,0,0,0,0,0,0
266.6394,0,0,0,0,0,0
266.6433,0,0,0,0,0,0
266.6484,0,0,0,0,0,0
266.652,0,0,0,0,0,0
266.656,0,0,0,0,0,0
266.6603,0,0,0,0,0,0
266.665,0,0,0,0,0,0
266.6687,0,0,0,0,0,0
266.6725,0,0,0,0,0,0
266.6772,0,0,0,0,0,0
266.6821,0,0,0,0,0,0
266.6867,0,0,0,0,0,0
266.6905,0,0,0,0,0,0
266.6956,0,0,0,0,0,0
266.7009,0,0,0,0,0,0
266.7047,0,0,0,0,0,0
266.7095,0,0,0,0,0,0
266.7141,0,0,0,0,0,0
266.718,0,0,0,0,0,0
266.7218,0,0,0,0,0,0
266.7265,0,0,0,0,0,0
266.7308,0,0,0,0,0,0
266.7343,0,0,0,0,0,0
266.7383,0,0,0,0,0,0
266.7423,0,0,0,0,0,0
266.7469,0,0,0,0,0,0
266.751,0,0,0,0,0,0
266.7545,0,0,0,0,0,0
266.7589,0,0,0,0,0,0
266.7638,0,0,0,0,0,0
266.7679,0,0,0,0,0,0
266.7724,0,0,0,0,0,0
266.7766,0,0,0,0,0,0
266.7812,0,0,0,0,0,0
266.7853,0,0,0,0,0,0
266.7905,0,0,0,0,0,0
266.7952,0,0,0,0,0,0
266.7989,0,0,0,0,0,0
266.8026,0,0,0,0,0,0
266.8086,0,0,0,0,0,0
266.8134,0,0,0,0,0,0
266.8174,0,0,0,0,0,0
266.822,0,0,0,0,0,0
266.8271,0,0,0,0,0,0
266.8311,0,0,0,0,0,0
266.8349,0,0,0,0,0,0
266.8397,0,0,0,0,0,0
266.8433,0,0,0,0,0,0
266.8473,0,0,0,0,0,0
266.8507,0,0,0,0,0,0
266.856,0,0,0,0,0,0
266.8607,0,0,0,0,0,0
266.8648,0,0,0,0,0,0
266.8693,0,0,0,0,0,0
266.8733,0,0,0,0,0,0
266.8772,0,0,0,0,0,0
266.8808,0,0,0,0,0,0
266.8854,0,0,0,0,0,0
266.8896,0,0,0,0,0,0
266.8929,0,0,0,0,0,0
266.8967,0,0,0,0,0,0
266.9001,0,0,0,0,0,0
266.9045,0,0,0,0,0,0
266.9083,0,0,0,0,0,0
266.9121,0,0,0,0,0,0
266.9159,0,0,0,0,0,0
266.9201,0,0,0,0,0,0
266.9241,0,0,0,0,0,0
266.9279,0,0,0,0,0,0
266.9315,0,0,0,0,0,0
266.9358,0,0,0,0,0,0
266.9402,0,0,0,0,0,0
266.9441,0,0,0,0,0,0
266.9481,0,0,0,0,0,0
266.9518,0,0,0,0,0,0
266.9557,0,0,0,0,0,0
266.9596,0,0,0,0,0,0
266.9635,0,0,0,0,0,0
266.9678,0,0,0,0,0,0
266.9717,0,0,0,0,0,0
266.9753,0,0,0,0,0,0
266.9795,0,0,0,0,0,0
266.9834,0,0,0,0,0,0
266.9871,0,0,0,0,0,0
266.991,0,0,0,0,0,0
266.9948,0,0,0,0,0,0
266.9993,0,0,0,0,0,0
267.0033,0,0,0,0,0,0
267.0071,0,0,0,0,0,0
267.0107,0,0,0,0,0,0
267.0153,0,0,0,0,0,0
267.0192,0,0,0,0,0,0
267.023,0,0,0,0,0,0
267.027,0,0,0,0,0,0
267.0311,0,0,0,0,0,0
267.0347,0,0,0,0,0,0
267.0393,0,0,0,0,0,0
267.043,0,0,0,0,0,0
267.0475,0,0,0,0,0,0
267.0513,0,0,0,0,0,0
267.0552,0,0,0,0,0,0
267.0597,0,0,0,0,0,0
267.0638,0,0,0,0,0,0
267.0676,0,0,0,0,0,0
267.0712,0,0,0,0,0,0
267.075,0,0,0,0,0,0
267.0789,0,0,0,0,0,0
267.0825,0,0,0,0,0,0
267.0861,0,0,0,0,0,0
267.0912,0,0,0,0,0,0
267.097,0,0,0,0,0,0
267.1011,0,0,0,0,0,0
267.1055,0,0,0,0,0,0
267.1115,0,0,0,0,0,0
267.1156,0,0,0,0,0,0
267.1195,0,0,0,0,0,0
267.1247,0,0,0,0,0,0
267.1297,0,0,0,0,0,0
267.1338,0,0,0,0,0,0
267.1379,0,0,0,0,0,0
267.1416,0,0,0,0,0,0
267.1455,0,0,0,0,0,0
267.1494,0,0,0,0,0,0
267.1534,0,0,0,0,0,0
267.1577,0,0,0,0,0,0
267.1619,0,0,0,0,0,0
267.1658,0,0,0,0,0,0
267.1705,0,0,0,0,0,0
267.175,0,0,0,0,0,0
267.179,0,0,0,0,0,0
267.1828,0,0,0,0,0,0
267.1875,0,0,0,0,0,0
267.1915,0,0,0,0,0,0
267.195,0,0,0,0,0,0
267.1987,0,0,0,0,0,0
267.2023,0,0,0,0,0,0
267.2062,0,0,0,0,0,0
267.2099,0,0,0,0,0,0
267.2137,0,0,0,0,0,0
267.2182,0,0,0,0,0,0
267.2228,0,0,0,0,0,0
267.2274,0,0,0,0,0,0
267.2319,0,0,0,0,0,0
267.2359,0,0,0,0,0,0
267.24,0,0,0,0,0,0
267.2441,0,0,0,0,0,0
267.2485,0,0,0,0,0,0
267.2527,0,0,0,0,0,0
267.2582,0,0,0,0,0,0
267.2621,0,0,0,0,0,0
267.2664,0,0,0,0,0,0
267.2709,0,0,0,0,0,0
267.2755,0,0,0,0,0,0
267.2795,0,0,0,0,0,0
267.2833,0,0,0,0,0,0
267.2883,0,0,0,0,0,0
267.2928,0,0,0,0,0,0
267.2968,0,0,0,0,0,0
267.3011,0,0,0,0,0,0
267.3056,0,0,0,0,0,0
267.3105,0,0,0,0,0,0
267.3146,0,0,0,0,0,0
267.3197,0,0,0,0,0,0
267.3237,0,0,0,0,0,0
267.3275,0,0,0,0,0,0
267.3311,0,0,0,0,0,0
267.3355,0,0,0,0,0,0
267.3406,0,0,0,0,0,0
267.3446,0,0,0,0,0,0
267.3482,0,0,0,0,0,0
267.352,0,0,0,0,0,0
267.3572,0,0,0,0,0,0
267.3606,0,0,0,0,0,0
267.3647,0,0,0,0,0,0
267.3692,0,0,0,0,0,0
267.3732,0,0,0,0,0,0
267.377,0,0,0,0,0,0
267.3809,0,0,0,0,0,0
267.3846,0,0,0,0,0,0
267.3898,0,0,0,0,0,0
267.3935,0,0,0,0,0,0
267.3976,0,0,0,0,0,0
267.4023,0,0,0,0,0,0
267.4068,0,0,0,0,0,0
267.4106,0,0,0,0,0,0
267.4153,0,0,0,0,0,0
267.421,0,0,0,0,0,0
267.4258,0,0,0,0,0,0
267.4305,0,0,0,0,0,0
267.4361,0,0,0,0,0,0
267.441,0,0,0,0,0,0
267.4449,0,0,0,0,0,0
267.4508,0,0,0,0,0,0
267.4547,0,0,0,0,0,0
267.4584,0,0,0,0,0,0
267.4636,0,0,0,0,0,0
267.4688,0,0,0,0,0,0
267.4726,0,0,0,0,0,0
267.4763,0,0,0,0,0,0
267.4809,0,0,0,0,0,0
267.485,0,0,0,0,0,0
267.4896,0,0,0,0,0,0
267.4936,0,0,0,0,0,0
267.4976,0,0,0,0,0,0
267.5013,0,0,0,0,0,0
267.5053,0,0,0,0,0,0
267.5093,0,0,0,0,0,0
267.514,0,0,0,0,0,0
267.5178,0,0,0,0,0,0
267.5219,0,0,0,0,0,0
267.5268,0,0,0,0,0,0
267.5315,0,0,0,0,0,0
267.5352,0,0,0,0,0,0
267.5389,0,0,0,0,0,0
267.5425,0,0,0,0,0,0
267.5477,0,0,0,0,0,0
267.5516,0,0,0,0,0,0
267.5555,0,0,0,0,0,0
267.5608,0,0,0,0,0,0
267.5658,0,0,0,0,0,0
267.5694,0,0,0,0,0,0
267.573,0,0,0,0,0,0
267.5786,0,0,0,0,0,0
267.5829,0,0,0,0,0,0
267.587,0,0,0,0,0,0
267.5922,0,0,0,0,0,0
267.5977,0,0,0,0,0,0
267.6015,0,0,0,0,0,0
267.6057,0,0,0,0,0,0
267.6105,0,0,0,0,0,0
267.6143,0,0,0,0,0,0
267.6186,0,0,0,0,0,0
267.6239,0,0,0,0,0,0
267.6287,0,0,0,0,0,0
267.6326,0,0,0,0,0,0
267.6364,0,0,0,0,0,0
267.641,0,0,0,0,0,0
267.6465,0,0,0,0,0,0
267.6505,0,0,0,0,0,0
267.6549,0,0,0,0,0,0
267.6597,0,0,0,0,0,0
267.6639,0,0,0,0,0,0
267.6677,0,0,0,0,0,0
267.672,0,0,0,0,0,0
267.6757,0,0,0,0,0,0
267.6796,0,0,0,0,0,0
267.6836,0,0,0,0,0,0
267.6879,0,0,0,0,0,0
267.6913,0,0,0,0,0,0
267.6946,0,0,0,0,0,0
267.6986,0,0,0,0,0,0
267.7025,0,0,0,0,0,0
267.7068,0,0,0,0,0,0
267.7106,0,0,0,0,0,0
267.7146,0,0,0,0,0,0
267.718,0,0,0,0,0,0
267.7219,0,0,0,0,0,0
267.7259,0,0,0,0,0,0
267.7296,0,0,0,0,0,0
267.7336,0,0,0,0,0,0
267.7379,0,0,0,0,0,0
267.7415,0,0,0,0,0,0
267.745,0,0,0,0,0,0
267.75,0,0,0,0,0,0
267.7539,0,0,0,0,0,0
267.7574,0,0,0,0,0,0
267.7611,0,0,0,0,0,0
267.7664,0,0,0,0,0,0
267.7709,0,0,0,0,0,0
267.7751,0,0,0,0,0,0
267.7798,0,0,0,0,0,0
267.7836,0,0,0,0,0,0
267.7885,0,0,0,0,0,0
267.7924,0,0,0,0,0,0
267.7961,0,0,0,0,0,0
267.8005,0,0,0,0,0,0
267.8045,0,0,0,0,0,0
267.8083,0,0,0,0,0,0
267.8124,0,0,0,0,0,0
267.8172,0,0,0,0,0,0
267.8208,0,0,0,0,0,0
267.8246,0,0,0,0,0,0
267.8292,0,0,0,0,0,0
267.8329,0,0,0,0,0,0
267.8376,0,0,0,0,0,0
267.8414,0,0,0,0,0,0
267.846,0,0,0,0,0,0
267.8504,0,0,0,0,0,0
267.8542,0,0,0,0,0,0
267.8593,0,0,0,0,0,0
267.8632,0,0,0,0,0,0
267.867,0,0,0,0,0,0
267.8707,0,0,0,0,0,0
267.8748,0,0,0,0,0,0
267.8795,0,0,0,0,0,0
267.8833,0,0,0,0,0,0
267.8875,0,0,0,0,0,0
267.8911,0,0,0,0,0,0
267.896,0,0,0,0,0,0
267.9,0,0,0,0,0,0
267.9041,0,0,0,0,0,0
267.9079,0,0,0,0,0,0
267.9117,0,0,0,0,0,0
267.9171,0,0,0,0,0,0
267.9233,0,0,0,0,0,0
267.9273,0,0,0,0,0,0
267.9312,0,0,0,0,0,0
267.935,0,0,0,0,0,0
267.9391,0,0,0,0,0,0
267.9427,0,0,0,0,0,0
267.9465,0,0,0,0,0,0
267.9503,0,0,0,0,0,0
267.955,0,0,0,0,0,0
267.9596,0,0,0,0,0,0
267.9633,0,0,0,0,0,0
267.9677,0,0,0,0,0,0
267.9715,0,0,0,0,0,0
267.9758,0,0,0,0,0,0
267.98,0,0,0,0,0,0
267.9849,0,0,0,0,0,0
267.9889,0,0,0,0,0,0
267.9925,0,0,0,0,0,0
267.9967,0,0,0,0,0,0
268.0008,0,0,0,0,0,0
268.0049,0,0,0,0,0,0
268.0085,0,0,0,0,0,0
268.0124,0,0,0,0,0,0
268.0162,0,0,0,0,0,0
268.0199,0,0,0,0,0,0
268.0235,0,0,0,0,0,0
268.0276,0,0,0,0,0,0
268.0317,0,0,0,0,0,0
268.0353,0,0,0,0,0,0
268.0392,0,0,0,0,0,0
268.0428,0,0,0,0,0,0
268.0471,0,0,0,0,0,0
268.0506,0,0,0,0,0,0
268.0552,0,0,0,0,0,0
268.0601,0,0,0,0,0,0
268.0651,0,0,0,0,0,0
268.0707,0,0,0,0,0,0
268.0754,0,0,0,0,0,0
268.0812,0,0,0,0,0,0
268.0877,0,0,0,0,0,0
268.0938,0,0,0,0,0,0
268.0976,0,0,0,0,0,0
268.1011,0,0,0,0,0,0
268.1061,0,0,0,0,0,0
268.1106,0,0,0,0,0,0
268.1152,0,0,0,0,0,0
268.1208,0,0,0,0,0,0
268.1271,0,0,0,0,0,0
268.1322,0,0,0,0,0,0
268.1364,0,0,0,0,0,0
268.1404,0,0,0,0,0,0
268.1447,0,0,0,0,0,0
268.1488,0,0,0,0,0,0
268.1526,0,0,0,0,0,0
268.1564,0,0,0,0,0,0
268.1597,0,0,0,0,0,0
268.1635,0,0,0,0,0,0
268.1679,0,0,0,0,0,0
268.1721,0,0,0,0,0,0
268.1761,0,0,0,0,0,0
268.18,0,0,0,0,0,0
268.184,0,0,0,0,0,0
268.1881,0,0,0,0,0,0
268.1917,0,0,0,0,0,0
268.1954,0,0,0,0,0,0
268.1996,0,0,0,0,0,0
268.2038,0,0,0,0,0,0
268.2073,0,0,0,0,0,0
268.2112,0,0,0,0,0,0
268.2151,0,0,0,0,0,0
268.2188,0,0,0,0,0,0
268.2227,0,0,0,0,0,0
268.2267,0,0,0,0,0,0
268.2314,0,0,0,0,0,0
268.2365,0,0,0,0,0,0
268.2408,0,0,0,0,0,0
268.2461,0,0,0,0,0,0
268.2498,0,0,0,0,0,0
268.2535,0,0,0,0,0,0
268.2573,0,0,0,0,0,0
268.2612,0,0,0,0,0,0
268.2649,0,0,0,0,0,0
268.2684,0,0,0,0,0,0
268.2722,0,0,0,0,0,0
268.2757,0,0,0,0,0,0
268.2795,0,0,0,0,0,0
268.283,0,0,0,0,0,0
268.2865,0,0,0,0,0,0
268.2902,0,0,0,0,0,0
268.2941,0,0,0,0,0,0
268.2979,0,0,0,0,0,0
268.3015,0,0,0,0,0,0
268.3058,0,0,0,0,0,0
268.3099,0,0,0,0,0,0
268.3141,0,0,0,0,0,0
268.318,0,0,0,0,0,0
268.322,0,0,0,0,0,0
268.3257,0,0,0,0,0,0
268.3295,0,0,0,0,0,0
268.3328,0,0,0,0,0,0
268.3367,0,0,0,0,0,0
268.3403,0,0,0,0,0,0
268.3437,0,0,0,0,0,0
268.3477,0,0,0,0,0,0
268.3514,0,0,0,0,0,0
268.3553,0,0,0,0,0,0
268.36,0,0,0,0,0,0
268.3635,0,0,0,0,0,0
268.3672,0,0,0,0,0,0
268.3712,0,0,0,0,0,0
268.3747,0,0,0,0,0,0
268.3782,0,0,0,0,0,0
268.3822,0,0,0,0,0,0
268.3858,0,0,0,0,0,0
268.3907,0,0,0,0,0,0
268.3951,0,0,0,0,0,0
268.3988,0,0,0,0,0,0
268.4034,0,0,0,0,0,0
268.4076,0,0,0,0,0,0
268.4119,0,0,0,0,0,0
268.4156,0,0,0,0,0,0
268.4194,0,0,0,0,0,0
268.4238,0,0,0,0,0,0
268.4286,0,0,0,0,0,0
268.4336,0,0,0,0,0,0
268.4388,0,0,0,0,0,0
268.4439,0,0,0,0,0,0
268.4484,0,0,0,0,0,0
268.4519,0,0,0,0,0,0
268.4571,0,0,0,0,0,0
268.4619,0,0,0,0,0,0
268.4659,0,0,0,0,0,0
268.4705,0,0,0,0,0,0
268.4744,0,0,0,0,0,0
268.4781,0,0,0,0,0,0
268.4817,0,0,0,0,0,0
268.4853,0,0,0,0,0,0
268.4904,0,0,0,0,0,0
268.4948,0,0,0,0,0,0
268.4983,0,0,0,0,0,0
268.5025,0,0,0,0,0,0
268.5076,0,0,0,0,0,0
268.5114,0,0,0,0,0,0
268.5152,0,0,0,0,0,0
268.5191,0,0,0,0,0,0
268.5228,0,0,0,0,0,0
268.5271,0,0,0,0,0,0
268.5314,0,0,0,0,0,0
268.5361,0,0,0,0,0,0
268.5413,0,0,0,0,0,0
268.5455,0,0,0,0,0,0
268.5491,0,0,0,0,0,0
268.5529,0,0,0,0,0,0
268.5579,0,0,0,0,0,0
268.5616,0,0,0,0,0,0
268.5668,0,0,0,0,0,0
268.5718,0,0,0,0,0,0
268.5755,0,0,0,0,0,0
268.5791,0,0,0,0,0,0
268.5836,0,0,0,0,0,0
268.588,0,0,0,0,0,0
268.5919,0,0,0,0,0,0
268.5955,0,0,0,0,0,0
268.5998,0,0,0,0,0,0
268.6042,0,0,0,0,0,0
268.6081,0,0,0,0,0,0
268.6118,0,0,0,0,0,0
268.6158,0,0,0,0,0,0
268.6203,0,0,0,0,0,0
268.6243,0,0,0,0,0,0
268.6279,0,0,0,0,0,0
268.6312,0,0,0,0,0,0
268.635,0,0,0,0,0,0
268.6396,0,0,0,0,0,0
268.6431,0,0,0,0,0,0
268.647,0,0,0,0,0,0
268.6526,0,0,0,0,0,0
268.6567,0,0,0,0,0,0
268.6608,0,0,0,0,0,0
268.6818,0,0,0,0,0,0
268.6873,0,0,0,0,0,0
268.692,0,0,0,0,0,0
268.697,0,0,0,0,0,0
268.7023,0,0,0,0,0,0
268.7076,0,0,0,0,0,0
268.7119,0,0,0,0,0,0
268.716,0,0,0,0,0,0
268.72,0,0,0,0,0,0
268.7238,0,0,0,0,0,0
268.7277,0,0,0,0,0,0
268.7317,0,0,0,0,0,0
268.7356,0,0,0,0,0,0
268.7396,0,0,0,0,0,0
268.8016,0,0,0,0,0,0
268.869,0,0,0,0,0,0
268.901,0,0,0,0,0,0
268.9064,0,0,0,0,0,0
268.9113,0,0,0,0,0,0
268.9163,0,0,0,0,0,0
268.9218,0,0,0,0,0,0
268.9274,0,0,0,0,0,0
268.9317,0,0,0,0,0,0
268.9373,0,0,0,0,0,0
268.9429,0,0,0,0,0,0
268.9476,0,0,0,0,0,0
268.953,0,0,0,0,0,0
268.9587,0,0,0,0,0,0
268.9636,0,0,0,0,0,0
268.9695,0,0,0,0,0,0
268.9736,0,0,0,0,0,0
268.9788,0,0,0,0,0,0
268.9849,0,0,0,0,0,0
268.9913,0,0,0,0,0,0
268.996,0,0,0,0,0,0
269.0016,0,0,0,0,0,0
269.0076,0,0,0,0,0,0
269.012,0,0,0,0,0,0
269.0163,0,0,0,0,0,0
269.0216,0,0,0,0,0,0
269.0262,0,0,0,0,0,0
269.0306,0,0,0,0,0,0
269.0348,0,0,0,0,0,0
269.0392,0,0,0,0,0,0
269.0432,0,0,0,0,0,0
269.0489,0,0,0,0,0,0
269.0532,0,0,0,0,0,0
269.0577,0,0,0,0,0,0
269.0621,0,0,0,0,0,0
269.0664,0,0,0,0,0,0
269.0714,0,0,0,0,0,0
269.0759,0,0,0,0,0,0
269.0807,0,0,0,0,0,0
269.0852,0,0,0,0,0,0
269.0902,0,0,0,0,0,0
269.0945,0,0,0,0,0,0
269.0988,0,0,0,0,0,0
269.1047,0,0,0,0,0,0
269.1094,0,0,0,0,0,0
269.1158,0,0,0,0,0,0
269.1214,0,0,0,0,0,0
269.126,0,0,0,0,0,0
269.1306,0,0,0,0,0,0
269.1353,0,0,0,0,0,0
269.14,0,0,0,0,0,0
269.1453,0,0,0,0,0,0
269.1499,0,0,0,0,0,0
269.1545,0,0,0,0,0,0
269.1589,0,0,0,0,0,0
269.1652,0,0,0,0,0,0
269.1697,0,0,0,0,0,0
269.1742,0,0,0,0,0,0
269.18,0,0,0,0,0,0
269.187,0,0,0,0,0,0
269.1921,0,0,0,0,0,0
269.1984,0,0,0,0,0,0
269.203,0,0,0,0,0,0
269.2071,0,0,0,0,0,0
269.2131,0,0,0,0,0,0
269.2179,0,0,0,0,0,0
269.2222,0,0,0,0,0,0
269.2267,0,0,0,0,0,0
269.2316,0,0,0,0,0,0
269.2356,0,0,0,0,0,0
269.2411,0,0,0,0,0,0
269.2468,0,0,0,0,0,0
269.252,0,0,0,0,0,0
269.259,0,0,0,0,0,0
269.2654,0,0,0,0,0,0
269.2705,0,0,0,0,0,0
269.2771,0,0,0,0,0,0
269.282,0,0,0,0,0,0
269.2868,0,0,0,0,0,0
269.2936,0,0,0,0,0,0
269.2982,0,0,0,0,0,0
269.3035,0,0,0,0,0,0
269.3098,0,0,0,0,0,0
269.314,0,0,0,0,0,0
269.3185,0,0,0,0,0,0
269.3248,0,0,0,0,0,0
269.3293,0,0,0,0,0,0
269.3335,0,0,0,0,0,0
269.3388,0,0,0,0,0,0
269.3449,0,0,0,0,0,0
269.3495,0,0,0,0,0,0
269.3554,0,0,0,0,0,0
269.3607,0,0,0,0,0,0
269.3656,0,0,0,0,0,0
269.3707,0,0,0,0,0,0
269.3749,0,0,0,0,0,0
269.379,0,0,0,0,0,0
269.3834,0,0,0,0,0,0
269.3893,0,0,0,0,0,0
269.3932,0,0,0,0,0,0
269.3975,0,0,0,0,0,0
269.4024,0,0,0,0,0,0
269.4069,0,0,0,0,0,0
269.411,0,0,0,0,0,0
269.4168,0,0,0,0,0,0
269.422,0,0,0,0,0,0
269.4261,0,0,0,0,0,0
269.4312,0,0,0,0,0,0
269.4366,0,0,0,0,0,0
269.4407,0,0,0,0,0,0
269.4462,0,0,0,0,0,0
269.4517,0,0,0,0,0,0
269.4564,0,0,0,0,0,0
269.4608,0,0,0,0,0,0
269.466,0,0,0,0,0,0
269.4707,0,0,0,0,0,0
269.4752,0,0,0,0,0,0
269.4797,0,0,0,0,0,0
269.4849,0,0,0,0,0,0
269.4892,0,0,0,0,0,0
269.4937,0,0,0,0,0,0
269.4985,0,0,0,0,0,0
269.5034,0,0,0,0,0,0
269.5077,0,0,0,0,0,0
269.5135,0,0,0,0,0,0
269.5175,0,0,0,0,0,0
269.5219,0,0,0,0,0,0
269.5263,0,0,0,0,0,0
269.5315,0,0,0,0,0,0
269.5355,0,0,0,0,0,0
269.5398,0,0,0,0,0,0
269.5453,0,0,0,0,0,0
269.5515,0,0,0,0,0,0
269.5562,0,0,0,0,0,0
269.5618,0,0,0,0,0,0
269.5662,0,0,0,0,0,0
269.5707,0,0,0,0,0,0
269.5751,0,0,0,0,0,0
269.5811,0,0,0,0,0,0
269.5858,0,0,0,0,0,0
269.5899,0,0,0,0,0,0
269.5947,0,0,0,0,0,0
269.5986,0,0,0,0,0,0
269.6027,0,0,0,0,0,0
269.6072,0,0,0,0,0,0
269.6116,0,0,0,0,0,0
269.6166,0,0,0,0,0,0
269.6221,0,0,0,0,0,0
269.6273,0,0,0,0,0,0
269.6318,0,0,0,0,0,0
269.6367,0,0,0,0,0,0
269.6411,0,0,0,0,0,0
269.6458,0,0,0,0,0,0
269.6508,0,0,0,0,0,0
269.6548,0,0,0,0,0,0
269.6598,0,0,0,0,0,0
269.6674,0,0,0,0,0,0
269.6745,0,0,0,0,0,0
269.685,0,0,0,0,0,0
269.6925,0,0,0,0,0,0
269.6976,0,0,0,0,0,0
269.7032,0,0,0,0,0,0
269.7115,0,0,0,0,0,0
269.7168,0,0,0,0,0,0
269.723,0,0,0,0,0,0
269.7349,0,0,0,0,0,0
269.7425,0,0,0,0,0,0
269.7501,0,0,0,0,0,0
269.7564,0,0,0,0,0,0
269.7646,0,0,0,0,0,0
269.7726,0,0,0,0,0,0
269.7794,0,0,0,0,0,0
269.7843,0,0,0,0,0,0
269.7906,0,0,0,0,0,0
269.7965,0,0,0,0,0,0
269.8019,0,0,0,0,0,0
269.8081,0,0,0,0,0,0
269.8138,0,0,0,0,0,0
269.8224,0,0,0,0,0,0
269.8286,0,0,0,0,0,0
269.8388,0,0,0,0,0,0
269.8686,0,0,0,0,0,0
269.8747,0,0,0,0,0,0
269.8809,0,0,0,0,0,0
269.8873,0,0,0,0,0,0
269.8929,0,0,0,0,0,0
269.8982,0,0,0,0,0,0
269.9035,0,0,0,0,0,0
269.9076,0,0,0,0,0,0
269.9132,0,0,0,0,0,0
269.9344,0,0,0,0,0,0
269.9393,0,0,0,0,0,0
269.9432,0,0,0,0,0,0
269.949,0,0,0,0,0,0
269.9534,0,0,0,0,0,0
269.957,0,0,0,0,0,0
269.9622,0,0,0,0,0,0
269.9823,0,0,0,0,0,0
269.9872,0,0,0,0,0,0
269.994,0,0,0,0,0,0
269.999,0,0,0,0,0,0
270.0031,0,0,0,0,0,0
270.0089,0,0,0,0,0,0
270.0287,0,0,0,0,0,0
270.0334,0,0,0,0,0,0
270.0384,0,0,0,0,0,0
270.0446,0,0,0,0,0,0
270.0492,0,0,0,0,0,0
270.0541,0,0,0,0,0,0
270.0606,0,0,0,0,0,0
270.0828,0,0,0,0,0,0
270.0901,0,0,0,0,0,0
270.113,0,0,0,0,0,0
270.1191,0,0,0,0,0,0
270.1241,0,0,0,0,0,0
270.1296,0,0,0,0,0,0
270.1352,0,0,0,0,0,0
270.1418,0,0,0,0,0,0
270.1641,0,0,0,0,0,0
270.1845,0,0,0,0,0,0
270.1912,0,0,0,0,0,0
270.2141,0,0,0,0,0,0
270.2215,0,0,0,0,0,0
270.2446,0,0,0,0,0,0
270.2674,0,0,0,0,0,0
270.2965,0,0,0,0,0,0
270.3206,0,0,0,0,0,0
270.343,0,0,0,0,0,0
270.3699,0,0,0,0,0,0
270.3912,0,0,0,0,0,0
270.4129,0,0,0,0,0,0
270.4397,0,0,0,0,0,0
270.4633,0,0,0,0,0,0
270.485,0,0,0,0,0,0
270.5074,0,0,0,0,0,0
270.5358,0,0,0,0,0,0
270.5593,0,0,0,0,0,0
270.5824,0,0,0,0,0,0
270.6075,0,0,0,0,0,0
270.6349,0,0,0,0,0,0
270.6702,0,0,0,0,0,0
270.7005,0,0,0,0,0,0
270.7272,0,0,0,0,0,0
270.7326,0,0,0,0,0,0
270.7552,0,0,0,0,0,0
270.7781,0,0,0,0,0,0
270.8007,0,0,0,0,0,0
270.8226,0,0,0,0,0,0
270.829,0,0,0,0,0,0
270.8504,0,0,0,0,0,0
270.8553,0,0,0,0,0,0
270.8613,0,0,0,0,0,0
270.8838,0,0,0,0,0,0
270.8883,0,0,0,0,0,0
270.8919,0,0,0,0,0,0
270.896,0,0,0,0,0,0
270.8997,0,0,0,0,0,0
270.9033,0,0,0,0,0,0
270.9082,0,0,0,0,0,0
270.9268,0,0,0,0,0,0
270.9313,0,0,0,0,0,0
270.9349,0,0,0,0,0,0
270.94,0,0,0,0,0,0
270.9581,0,0,0,0,0,0
270.9622,0,0,0,0,0,0
270.9659,0,0,0,0,0,0
270.9713,0,0,0,0,0,0
270.9892,0,0,0,0,0,0
270.9932,0,0,0,0,0,0
270.9972,0,0,0,0,0,0
271.0012,0,0,0,0,0,0
271.0058,0,0,0,0,0,0
271.0105,0,0,0,0,0,0
271.0144,0,0,0,0,0,0
271.0182,0,0,0,0,0,0
271.0225,0,0,0,0,0,0
271.0272,0,0,0,0,0,0
271.0314,0,0,0,0,0,0
271.0369,0,0,0,0,0,0
271.0566,0,0,0,0,0,0
271.0768,0,0,0,0,0,0
271.0809,0,0,0,0,0,0
271.0866,0,0,0,0,0,0
271.1045,0,0,0,0,0,0
271.1087,0,0,0,0,0,0
271.1125,0,0,0,0,0,0
271.1179,0,0,0,0,0,0
271.1374,0,0,0,0,0,0
271.1415,0,0,0,0,0,0
271.1461,0,0,0,0,0,0
271.1508,0,0,0,0,0,0
271.1551,0,0,0,0,0,0
271.159,0,0,0,0,0,0
271.165,0,0,0,0,0,0
271.1848,0,0,0,0,0,0
271.2044,0,0,0,0,0,0
271.2093,0,0,0,0,0,0
271.2151,0,0,0,0,0,0
271.2342,0,0,0,0,0,0
271.2386,0,0,0,0,0,0
271.2432,0,0,0,0,0,0
271.2627,0,0,0,0,0,0
271.2814,0,0,0,0,0,0
271.3017,0,0,0,0,0,0
271.3063,0,0,0,0,0,0
271.3099,0,0,0,0,0,0
271.3138,0,0,0,0,0,0
271.3176,0,0,0,0,0,0
271.3228,0,0,0,0,0,0
271.3409,0,0,0,0,0,0
271.3451,0,0,0,0,0,0
271.3492,0,0,0,0,0,0
271.3528,0,0,0,0,0,0
271.3578,0,0,0,0,0,0
271.3761,0,0,0,0,0,0
271.3807,0,0,0,0,0,0
271.3847,0,0,0,0,0,0
271.39,0,0,0,0,0,0
271.394,0,0,0,0,0,0
271.3978,0,0,0,0,0,0
271.4014,0,0,0,0,0,0
271.4055,0,0,0,0,0,0
271.4091,0,0,0,0,0,0
271.413,0,0,0,0,0,0
271.4167,0,0,0,0,0,0
271.4206,0,0,0,0,0,0
271.4247,0,0,0,0,0,0
271.429,0,0,0,0,0,0
271.4327,0,0,0,0,0,0
271.437,0,0,0,0,0,0
271.4411,0,0,0,0,0,0
271.4451,0,0,0,0,0,0
271.4488,0,0,0,0,0,0
271.4537,0,0,0,0,0,0
271.472,0,0,0,0,0,0
271.4766,0,0,0,0,0,0
271.4809,0,0,0,0,0,0
271.4848,0,0,0,0,0,0
271.4891,0,0,0,0,0,0
271.4933,0,0,0,0,0,0
271.4975,0,0,0,0,0,0
271.5022,0,0,0,0,0,0
271.5061,0,0,0,0,0,0
271.51,0,0,0,0,0,0
271.5153,0,0,0,0,0,0
271.5197,0,0,0,0,0,0
271.524,0,0,0,0,0,0
271.528,0,0,0,0,0,0
271.5322,0,0,0,0,0,0
271.5364,0,0,0,0,0,0
271.5403,0,0,0,0,0,0
271.5442,0,0,0,0,0,0
271.5485,0,0,0,0,0,0
271.5524,0,0,0,0,0,0
271.5559,0,0,0,0,0,0
271.5598,0,0,0,0,0,0
271.564,0,0,0,0,0,0
271.5687,0,0,0,0,0,0
271.5732,0,0,0,0,0,0
271.577,0,0,0,0,0,0
271.5821,0,0,0,0,0,0
271.5863,0,0,0,0,0,0
271.5901,0,0,0,0,0,0
271.595,0,0,0,0,0,0
271.6,0,0,0,0,0,0
271.6041,0,0,0,0,0,0
271.6085,0,0,0,0,0,0
271.615,0,0,0,0,0,0
271.6188,0,0,0,0,0,0
271.6228,0,0,0,0,0,0
271.6275,0,0,0,0,0,0
271.6324,0,0,0,0,0,0
271.6366,0,0,0,0,0,0
271.6404,0,0,0,0,0,0
271.6459,0,0,0,0,0,0
271.6505,0,0,0,0,0,0
271.6544,0,0,0,0,0,0
271.6585,0,0,0,0,0,0
271.6634,0,0,0,0,0,0
271.6687,0,0,0,0,0,0
271.6726,0,0,0,0,0,0
271.6773,0,0,0,0,0,0
271.6822,0,0,0,0,0,0
271.6866,0,0,0,0,0,0
271.6913,0,0,0,0,0,0
271.6969,0,0,0,0,0,0
271.7005,0,0,0,0,0,0
271.7048,0,0,0,0,0,0
271.7098,0,0,0,0,0,0
271.7154,0,0,0,0,0,0
271.7194,0,0,0,0,0,0
271.7248,0,0,0,0,0,0
271.7297,0,0,0,0,0,0
271.7336,0,0,0,0,0,0
271.738,0,0,0,0,0,0
271.7422,0,0,0,0,0,0
271.7473,0,0,0,0,0,0
271.7512,0,0,0,0,0,0
271.7567,0,0,0,0,0,0
271.7607,0,0,0,0,0,0
271.7648,0,0,0,0,0,0
271.7692,0,0,0,0,0,0
271.7739,0,0,0,0,0,0
271.7784,0,0,0,0,0,0
271.7826,0,0,0,0,0,0
271.7867,0,0,0,0,0,0
271.7916,0,0,0,0,0,0
271.7956,0,0,0,0,0,0
271.7999,0,0,0,0,0,0
271.8046,0,0,0,0,0,0
271.8086,0,0,0,0,0,0
271.8128,0,0,0,0,0,0
271.8167,0,0,0,0,0,0
271.8207,0,0,0,0,0,0
271.8246,0,0,0,0,0,0
271.8285,0,0,0,0,0,0
271.8322,0,0,0,0,0,0
271.8372,0,0,0,0,0,0
271.842,0,0,0,0,0,0
271.8463,0,0,0,0,0,0
271.8506,0,0,0,0,0,0
271.8544,0,0,0,0,0,0
271.8582,0,0,0,0,0,0
271.862,0,0,0,0,0,0
271.8659,0,0,0,0,0,0
271.8709,0,0,0,0,0,0
271.8755,0,0,0,0,0,0
271.8797,0,0,0,0,0,0
271.8835,0,0,0,0,0,0
271.8878,0,0,0,0,0,0
271.8919,0,0,0,0,0,0
271.896,0,0,0,0,0,0
271.8997,0,0,0,0,0,0
271.9035,0,0,0,0,0,0
271.9077,0,0,0,0,0,0
271.9118,0,0,0,0,0,0
271.9156,0,0,0,0,0,0
271.9207,0,0,0,0,0,0
271.9248,0,0,0,0,0,0
271.9288,0,0,0,0,0,0
271.9331,0,0,0,0,0,0
271.9377,0,0,0,0,0,0
271.9419,0,0,0,0,0,0
271.9463,0,0,0,0,0,0
271.9504,0,0,0,0,0,0
271.9553,0,0,0,0,0,0
271.9591,0,0,0,0,0,0
271.9629,0,0,0,0,0,0
271.9679,0,0,0,0,0,0
271.9731,0,0,0,0,0,0
271.9769,0,0,0,0,0,0
271.9817,0,0,0,0,0,0
271.9856,0,0,0,0,0,0
271.9898,0,0,0,0,0,0
271.9935,0,0,0,0,0,0
271.9983,0,0,0,0,0,0
272.0034,0,0,0,0,0,0
272.0076,0,0,0,0,0,0
272.0129,0,0,0,0,0,0
272.0185,0,0,0,0,0,0
272.0227,0,0,0,0,0,0
272.0272,0,0,0,0,0,0
272.0332,0,0,0,0,0,0
272.0376,0,0,0,0,0,0
272.0416,0,0,0,0,0,0
272.0456,0,0,0,0,0,0
272.0507,0,0,0,0,0,0
272.0549,0,0,0,0,0,0
272.0591,0,0,0,0,0,0
272.0644,0,0,0,0,0,0
272.0685,0,0,0,0,0,0
272.0722,0,0,0,0,0,0
272.077,0,0,0,0,0,0
272.0818,0,0,0,0,0,0
272.0858,0,0,0,0,0,0
272.0898,0,0,0,0,0,0
272.0938,0,0,0,0,0,0
272.0995,0,0,0,0,0,0
272.1036,0,0,0,0,0,0
272.1073,0,0,0,0,0,0
272.1118,0,0,0,0,0,0
272.1158,0,0,0,0,0,0
272.1206,0,0,0,0,0,0
272.1253,0,0,0,0,0,0
272.1296,0,0,0,0,0,0
272.1335,0,0,0,0,0,0
272.1378,0,0,0,0,0,0
272.1434,0,0,0,0,0,0
272.1479,0,0,0,0,0,0
272.1518,0,0,0,0,0,0
272.1567,0,0,0,0,0,0
272.1617,0,0,0,0,0,0
272.167,0,0,0,0,0,0
272.1744,0,0,0,0,0,0
272.1786,0,0,0,0,0,0
272.1825,0,0,0,0,0,0
272.1866,0,0,0,0,0,0
272.1917,0,0,0,0,0,0
272.1957,0,0,0,0,0,0
272.1995,0,0,0,0,0,0
272.2031,0,0,0,0,0,0
272.209,0,0,0,0,0,0
272.2292,0,0,0,0,0,0
272.2336,0,0,0,0,0,0
272.2388,0,0,0,0,0,0
272.2583,0,0,0,0,0,0
272.2781,0,0,0,0,0,0
272.2825,0,0,0,0,0,0
272.2867,0,0,0,0,0,0
272.2902,0,0,0,0,0,0
272.2936,0,0,0,0,0,0
272.2978,0,0,0,0,0,0
272.3054,0,0,0,0,0,0
272.3259,0,0,0,0,0,0
272.3305,0,0,0,0,0,0
272.3351,0,0,0,0,0,0
272.3536,0,0,0,0,0,0
272.3737,0,0,0,0,0,0
272.3936,0,0,0,0,0,0
272.4129,0,0,0,0,0,0
272.418,0,0,0,0,0,0
272.4379,0,0,0,0,0,0
272.4426,0,0,0,0,0,0
272.4478,0,0,0,0,0,0
272.467,0,0,0,0,0,0
272.4852,0,0,0,0,0,0
272.4894,0,0,0,0,0,0
272.4945,0,0,0,0,0,0
272.4992,0,0,0,0,0,0
272.5033,0,0,0,0,0,0
272.5088,0,0,0,0,0,0
272.5268,0,0,0,0,0,0
272.5314,0,0,0,0,0,0
272.535,0,0,0,0,0,0
272.5387,0,0,0,0,0,0
272.5436,0,0,0,0,0,0
272.5485,0,0,0,0,0,0
272.552,0,0,0,0,0,0
272.5555,0,0,0,0,0,0
272.5593,0,0,0,0,0,0
272.5635,0,0,0,0,0,0
272.5672,0,0,0,0,0,0
272.5707,0,0,0,0,0,0
272.5749,0,0,0,0,0,0
272.5787,0,0,0,0,0,0
272.5825,0,0,0,0,0,0
272.5869,0,0,0,0,0,0
272.5905,0,0,0,0,0,0
272.6083,0,0,0,0,0,0
272.6125,0,0,0,0,0,0
272.6167,0,0,0,0,0,0
272.6223,0,0,0,0,0,0
272.6273,0,0,0,0,0,0
272.631,0,0,0,0,0,0
272.6347,0,0,0,0,0,0
272.6388,0,0,0,0,0,0
272.6427,0,0,0,0,0,0
272.6472,0,0,0,0,0,0
272.6508,0,0,0,0,0,0
272.6553,0,0,0,0,0,0
272.6592,0,0,0,0,0,0
272.6631,0,0,0,0,0,0
272.667,0,0,0,0,0,0
272.6709,0,0,0,0,0,0
272.6745,0,0,0,0,0,0
272.6786,0,0,0,0,0,0
272.6823,0,0,0,0,0,0
272.6868,0,0,0,0,0,0
272.6905,0,0,0,0,0,0
272.6943,0,0,0,0,0,0
272.6983,0,0,0,0,0,0
272.7031,0,0,0,0,0,0
272.7078,0,0,0,0,0,0
272.7114,0,0,0,0,0,0
272.7168,0,0,0,0,0,0
272.722,0,0,0,0,0,0
272.7265,0,0,0,0,0,0
272.7303,0,0,0,0,0,0
272.7351,0,0,0,0,0,0
272.7401,0,0,0,0,0,0
272.7444,0,0,0,0,0,0
272.7496,0,0,0,0,0,0
272.7548,0,0,0,0,0,0
272.7588,0,0,0,0,0,0
272.7634,0,0,0,0,0,0
272.7686,0,0,0,0,0,0
272.7728,0,0,0,0,0,0
272.7769,0,0,0,0,0,0
272.7817,0,0,0,0,0,0
272.7866,0,0,0,0,0,0
272.7904,0,0,0,0,0,0
272.7948,0,0,0,0,0,0
272.8007,0,0,0,0,0,0
272.8057,0,0,0,0,0,0
272.8094,0,0,0,0,0,0
272.8146,0,0,0,0,0,0
272.8193,0,0,0,0,0,0
272.8229,0,0,0,0,0,0
272.8274,0,0,0,0,0,0
272.8326,0,0,0,0,0,0
272.8364,0,0,0,0,0,0
272.8402,0,0,0,0,0,0
272.8455,0,0,0,0,0,0
272.8501,0,0,0,0,0,0
272.8539,0,0,0,0,0,0
272.8582,0,0,0,0,0,0
272.8622,0,0,0,0,0,0
272.8669,0,0,0,0,0,0
272.8705,0,0,0,0,0,0
272.8745,0,0,0,0,0,0
272.8791,0,0,0,0,0,0
272.8829,0,0,0,0,0,0
272.8872,0,0,0,0,0,0
272.8917,0,0,0,0,0,0
272.8969,0,0,0,0,0,0
272.9009,0,0,0,0,0,0
272.9063,0,0,0,0,0,0
272.9106,0,0,0,0,0,0
272.9152,0,0,0,0,0,0
272.9193,0,0,0,0,0,0
272.9229,0,0,0,0,0,0
272.9272,0,0,0,0,0,0
272.932,0,0,0,0,0,0
272.936,0,0,0,0,0,0
272.9407,0,0,0,0,0,0
272.9447,0,0,0,0,0,0
272.9488,0,0,0,0,0,0
272.9527,0,0,0,0,0,0
272.9575,0,0,0,0,0,0
272.9614,0,0,0,0,0,0
272.9651,0,0,0,0,0,0
272.9697,0,0,0,0,0,0
272.9746,0,0,0,0,0,0
272.9788,0,0,0,0,0,0
272.9824,0,0,0,0,0,0
272.9862,0,0,0,0,0,0
272.9908,0,0,0,0,0,0
272.9953,0,0,0,0,0,0
272.9995,0,0,0,0,0,0
273.0037,0,0,0,0,0,0
273.0088,0,0,0,0,0,0
273.0133,0,0,0,0,0,0
273.0176,0,0,0,0,0,0
273.0222,0,0,0,0,0,0
273.0271,0,0,0,0,0,0
273.0314,0,0,0,0,0,0
273.0351,0,0,0,0,0,0
273.041,0,0,0,0,0,0
273.0455,0,0,0,0,0,0
273.0493,0,0,0,0,0,0
273.053,0,0,0,0,0,0
273.0593,0,0,0,0,0,0
273.0635,0,0,0,0,0,0
273.0672,0,0,0,0,0,0
273.0722,0,0,0,0,0,0
273.0772,0,0,0,0,0,0
273.081,0,0,0,0,0,0
273.0851,0,0,0,0,0,0
273.0909,0,0,0,0,0,0
273.0952,0,0,0,0,0,0
273.0992,0,0,0,0,0,0
273.1035,0,0,0,0,0,0
273.1101,0,0,0,0,0,0
273.1142,0,0,0,0,0,0
273.1205,0,0,0,0,0,0
273.1255,0,0,0,0,0,0
273.1294,0,0,0,0,0,0
273.1331,0,0,0,0,0,0
273.139,0,0,0,0,0,0
273.1433,0,0,0,0,0,0
273.1475,0,0,0,0,0,0
273.1531,0,0,0,0,0,0
273.1581,0,0,0,0,0,0
273.1618,0,0,0,0,0,0
273.1666,0,0,0,0,0,0
273.1716,0,0,0,0,0,0
273.1755,0,0,0,0,0,0
273.1795,0,0,0,0,0,0
273.1853,0,0,0,0,0,0
273.1909,0,0,0,0,0,0
273.1948,0,0,0,0,0,0
273.2007,0,0,0,0,0,0
273.2063,0,0,0,0,0,0
273.2104,0,0,0,0,0,0
273.2165,0,0,0,0,0,0
273.222,0,0,0,0,0,0
273.227,0,0,0,0,0,0
273.2326,0,0,0,0,0,0
273.2378,0,0,0,0,0,0
273.2421,0,0,0,0,0,0
273.248,0,0,0,0,0,0
273.2528,0,0,0,0,0,0
273.2566,0,0,0,0,0,0
273.2613,0,0,0,0,0,0
273.2668,0,0,0,0,0,0
273.2706,0,0,0,0,0,0
273.2748,0,0,0,0,0,0
273.2798,0,0,0,0,0,0
273.2836,0,0,0,0,0,0
273.2876,0,0,0,0,0,0
273.2921,0,0,0,0,0,0
273.297,0,0,0,0,0,0
273.3009,0,0,0,0,0,0
273.3054,0,0,0,0,0,0
273.3093,0,0,0,0,0,0
273.3146,0,0,0,0,0,0
273.3183,0,0,0,0,0,0
273.323,0,0,0,0,0,0
273.3292,0,0,0,0,0,0
273.3336,0,0,0,0,0,0
273.3387,0,0,0,0,0,0
273.3439,0,0,0,0,0,0
273.3481,0,0,0,0,0,0
273.3522,0,0,0,0,0,0
273.3559,0,0,0,0,0,0
273.3598,0,0,0,0,0,0
273.3635,0,0,0,0,0,0
273.3676,0,0,0,0,0,0
273.3715,0,0,0,0,0,0
273.3764,0,0,0,0,0,0
273.3804,0,0,0,0,0,0
273.3845,0,0,0,0,0,0
273.3882,0,0,0,0,0,0
273.3921,0,0,0,0,0,0
273.3961,0,0,0,0,0,0
273.3998,0,0,0,0,0,0
273.405,0,0,0,0,0,0
273.4092,0,0,0,0,0,0
273.4135,0,0,0,0,0,0
273.4176,0,0,0,0,0,0
273.4236,0,0,0,0,0,0
273.4276,0,0,0,0,0,0
273.4318,0,0,0,0,0,0
273.4359,0,0,0,0,0,0
273.4399,0,0,0,0,0,0
273.4435,0,0,0,0,0,0
273.4477,0,0,0,0,0,0
273.4518,0,0,0,0,0,0
273.4558,0,0,0,0,0,0
273.4598,0,0,0,0,0,0
273.4642,0,0,0,0,0,0
273.4681,0,0,0,0,0,0
273.472,0,0,0,0,0,0
273.4756,0,0,0,0,0,0
273.4798,0,0,0,0,0,0
273.4834,0,0,0,0,0,0
273.4875,0,0,0,0,0,0
273.4914,0,0,0,0,0,0
273.4955,0,0,0,0,0,0
273.4991,0,0,0,0,0,0
273.503,0,0,0,0,0,0
273.5079,0,0,0,0,0,0
273.5121,0,0,0,0,0,0
273.516,0,0,0,0,0,0
273.5207,0,0,0,0,0,0
273.5415,0,0,0,0,0,0
273.5618,0,0,0,0,0,0
273.5814,0,0,0,0,0,0
273.6016,0,0,0,0,0,0
273.6219,0,0,0,0,0,0
273.6417,0,0,0,0,0,0
273.6623,0,0,0,0,0,0
273.6681,0,0,0,0,0,0
273.6873,0,0,0,0,0,0
273.707,0,0,0,0,0,0
273.7123,0,0,0,0,0,0
273.7164,0,0,0,0,0,0
273.7203,0,0,0,0,0,0
273.7245,0,0,0,0,0,0
273.7283,0,0,0,0,0,0
273.7322,0,0,0,0,0,0
273.7359,0,0,0,0,0,0
273.7406,0,0,0,0,0,0
273.7448,0,0,0,0,0,0
273.7488,0,0,0,0,0,0
273.7529,0,0,0,0,0,0
273.7568,0,0,0,0,0,0
273.7606,0,0,0,0,0,0
273.7645,0,0,0,0,0,0
273.7685,0,0,0,0,0,0
273.7726,0,0,0,0,0,0
273.7762,0,0,0,0,0,0
273.78,0,0,0,0,0,0
273.784,0,0,0,0,0,0
273.7886,0,0,0,0,0,0
273.7925,0,0,0,0,0,0
273.7962,0,0,0,0,0,0
273.8004,0,0,0,0,0,0
273.8048,0,0,0,0,0,0
273.8088,0,0,0,0,0,0
273.8127,0,0,0,0,0,0
273.8313,0,0,0,0,0,0
273.8353,0,0,0,0,0,0
273.839,0,0,0,0,0,0
273.8426,0,0,0,0,0,0
273.8469,0,0,0,0,0,0
273.8507,0,0,0,0,0,0
273.8558,0,0,0,0,0,0
273.8596,0,0,0,0,0,0
273.8636,0,0,0,0,0,0
273.8677,0,0,0,0,0,0
273.8715,0,0,0,0,0,0
273.8751,0,0,0,0,0,0
273.8792,0,0,0,0,0,0
273.883,0,0,0,0,0,0
273.8875,0,0,0,0,0,0
273.8916,0,0,0,0,0,0
273.8962,0,0,0,0,0,0
273.9003,0,0,0,0,0,0
273.9053,0,0,0,0,0,0
273.9104,0,0,0,0,0,0
273.9147,0,0,0,0,0,0
273.9197,0,0,0,0,0,0
273.9246,0,0,0,0,0,0
273.9292,0,0,0,0,0,0
273.9326,0,0,0,0,0,0
273.9376,0,0,0,0,0,0
273.9428,0,0,0,0,0,0
273.947,0,0,0,0,0,0
273.952,0,0,0,0,0,0
273.9568,0,0,0,0,0,0
273.9609,0,0,0,0,0,0
273.9648,0,0,0,0,0,0
273.9699,0,0,0,0,0,0
273.9757,0,0,0,0,0,0
273.9803,0,0,0,0,0,0
273.9859,0,0,0,0,0,0
273.9909,0,0,0,0,0,0
273.995,0,0,0,0,0,0
274.0003,0,0,0,0,0,0
274.0059,0,0,0,0,0,0
274.01,0,0,0,0,0,0
274.015,0,0,0,0,0,0
274.0204,0,0,0,0,0,0
274.0246,0,0,0,0,0,0
274.0285,0,0,0,0,0,0
274.0329,0,0,0,0,0,0
274.0379,0,0,0,0,0,0
274.042,0,0,0,0,0,0
274.0468,0,0,0,0,0,0
274.0532,0,0,0,0,0,0
274.0579,0,0,0,0,0,0
274.0649,0,0,0,0,0,0
274.07,0,0,0,0,0,0
274.0749,0,0,0,0,0,0
274.0822,0,0,0,0,0,0
274.0882,0,0,0,0,0,0
274.0936,0,0,0,0,0,0
274.1011,0,0,0,0,0,0
274.1059,0,0,0,0,0,0
274.1125,0,0,0,0,0,0
274.118,0,0,0,0,0,0
274.1223,0,0,0,0,0,0
274.1271,0,0,0,0,0,0
274.1313,0,0,0,0,0,0
274.1352,0,0,0,0,0,0
274.1388,0,0,0,0,0,0
274.1459,0,0,0,0,0,0
274.1503,0,0,0,0,0,0
274.1545,0,0,0,0,0,0
274.16,0,0,0,0,0,0
274.1641,0,0,0,0,0,0
274.1685,0,0,0,0,0,0
274.1725,0,0,0,0,0,0
274.1763,0,0,0,0,0,0
274.1799,0,0,0,0,0,0
274.1834,0,0,0,0,0,0
274.188,0,0,0,0,0,0
274.1937,0,0,0,0,0,0
274.1977,0,0,0,0,0,0
274.202,0,0,0,0,0,0
274.2069,0,0,0,0,0,0
274.211,0,0,0,0,0,0
274.2149,0,0,0,0,0,0
274.2195,0,0,0,0,0,0
274.225,0,0,0,0,0,0
274.2301,0,0,0,0,0,0
274.234,0,0,0,0,0,0
274.2386,0,0,0,0,0,0
274.2422,0,0,0,0,0,0
274.2467,0,0,0,0,0,0
274.2507,0,0,0,0,0,0
274.2555,0,0,0,0,0,0
274.2595,0,0,0,0,0,0
274.2634,0,0,0,0,0,0
274.2682,0,0,0,0,0,0
274.2749,0,0,0,0,0,0
274.2791,0,0,0,0,0,0
274.283,0,0,0,0,0,0
274.2879,0,0,0,0,0,0
274.2916,0,0,0,0,0,0
274.2954,0,0,0,0,0,0
274.2995,0,0,0,0,0,0
274.3043,0,0,0,0,0,0
274.3092,0,0,0,0,0,0
274.3134,0,0,0,0,0,0
274.3173,0,0,0,0,0,0
274.3226,0,0,0,0,0,0
274.3267,0,0,0,0,0,0
274.3304,0,0,0,0,0,0
274.3351,0,0,0,0,0,0
274.3398,0,0,0,0,0,0
274.3447,0,0,0,0,0,0
274.3488,0,0,0,0,0,0
274.3546,0,0,0,0,0,0
274.3594,0,0,0,0,0,0
274.3639,0,0,0,0,0,0
274.3696,0,0,0,0,0,0
274.3737,0,0,0,0,0,0
274.3787,0,0,0,0,0,0
274.3838,0,0,0,0,0,0
274.3885,0,0,0,0,0,0
274.3931,0,0,0,0,0,0
274.3971,0,0,0,0,0,0
274.4028,0,0,0,0,0,0
274.407,0,0,0,0,0,0
274.4113,0,0,0,0,0,0
274.4163,0,0,0,0,0,0
274.4202,0,0,0,0,0,0
274.4247,0,0,0,0,0,0
274.4293,0,0,0,0,0,0
274.435,0,0,0,0,0,0
274.4393,0,0,0,0,0,0
274.4435,0,0,0,0,0,0
274.4486,0,0,0,0,0,0
274.4533,0,0,0,0,0,0
274.4571,0,0,0,0,0,0
274.4607,0,0,0,0,0,0
274.4654,0,0,0,0,0,0
274.4698,0,0,0,0,0,0
274.474,0,0,0,0,0,0
274.4787,0,0,0,0,0,0
274.4825,0,0,0,0,0,0
274.4866,0,0,0,0,0,0
274.4902,0,0,0,0,0,0
274.4948,0,0,0,0,0,0
274.4988,0,0,0,0,0,0
274.5027,0,0,0,0,0,0
274.5068,0,0,0,0,0,0
274.5114,0,0,0,0,0,0
274.5154,0,0,0,0,0,0
274.5191,0,0,0,0,0,0
274.5227,0,0,0,0,0,0
274.5278,0,0,0,0,0,0
274.5323,0,0,0,0,0,0
274.5364,0,0,0,0,0,0
274.5405,0,0,0,0,0,0
274.5466,0,0,0,0,0,0
274.5513,0,0,0,0,0,0
274.5557,0,0,0,0,0,0
274.5611,0,0,0,0,0,0
274.5652,0,0,0,0,0,0
274.5693,0,0,0,0,0,0
274.5732,0,0,0,0,0,0
274.578,0,0,0,0,0,0
274.5821,0,0,0,0,0,0
274.5859,0,0,0,0,0,0
274.5897,0,0,0,0,0,0
274.5946,0,0,0,0,0,0
274.5985,0,0,0,0,0,0
274.6024,0,0,0,0,0,0
274.606,0,0,0,0,0,0
274.6103,0,0,0,0,0,0
274.6138,0,0,0,0,0,0
274.6176,0,0,0,0,0,0
274.6216,0,0,0,0,0,0
274.6267,0,0,0,0,0,0
274.6312,0,0,0,0,0,0
274.635,0,0,0,0,0,0
274.6392,0,0,0,0,0,0
274.6429,0,0,0,0,0,0
274.6472,0,0,0,0,0,0
274.6516,0,0,0,0,0,0
274.6558,0,0,0,0,0,0
274.6601,0,0,0,0,0,0
274.6643,0,0,0,0,0,0
274.6689,0,0,0,0,0,0
274.675,0,0,0,0,0,0
274.6792,0,0,0,0,0,0
274.6832,0,0,0,0,0,0
274.687,0,0,0,0,0,0
274.6906,0,0,0,0,0,0
274.6943,0,0,0,0,0,0
274.6981,0,0,0,0,0,0
274.7021,0,0,0,0,0,0
274.7058,0,0,0,0,0,0
274.7094,0,0,0,0,0,0
274.7131,0,0,0,0,0,0
274.7173,0,0,0,0,0,0
274.7217,0,0,0,0,0,0
274.7256,0,0,0,0,0,0
274.7292,0,0,0,0,0,0
274.733,0,0,0,0,0,0
274.7367,0,0,0,0,0,0
274.7403,0,0,0,0,0,0
274.7441,0,0,0,0,0,0
274.7484,0,0,0,0,0,0
274.7537,0,0,0,0,0,0
274.7726,0,0,0,0,0,0
274.7768,0,0,0,0,0,0
274.7807,0,0,0,0,0,0
274.7858,0,0,0,0,0,0
274.8042,0,0,0,0,0,0
274.8089,0,0,0,0,0,0
274.8131,0,0,0,0,0,0
274.8182,0,0,0,0,0,0
274.8371,0,0,0,0,0,0
274.8587,0,0,0,0,0,0
274.8777,0,0,0,0,0,0
274.8823,0,0,0,0,0,0
274.8873,0,0,0,0,0,0
274.8912,0,0,0,0,0,0
274.8951,0,0,0,0,0,0
274.8992,0,0,0,0,0,0
274.903,0,0,0,0,0,0
274.9071,0,0,0,0,0,0
274.9112,0,0,0,0,0,0
274.9164,0,0,0,0,0,0
274.9344,0,0,0,0,0,0
274.9388,0,0,0,0,0,0
274.9424,0,0,0,0,0,0
274.9473,0,0,0,0,0,0
274.9515,0,0,0,0,0,0
274.9552,0,0,0,0,0,0
274.9593,0,0,0,0,0,0
274.9637,0,0,0,0,0,0
274.9677,0,0,0,0,0,0
274.972,0,0,0,0,0,0
274.9754,0,0,0,0,0,0
274.9811,0,0,0,0,0,0
275.0012,0,0,0,0,0,0
275.0054,0,0,0,0,0,0
275.0092,0,0,0,0,0,0
275.0134,0,0,0,0,0,0
275.0175,0,0,0,0,0,0
275.0214,0,0,0,0,0,0
275.0262,0,0,0,0,0,0
275.0458,0,0,0,0,0,0
275.0501,0,0,0,0,0,0
275.0539,0,0,0,0,0,0
275.0593,0,0,0,0,0,0
275.0798,0,0,0,0,0,0
275.0999,0,0,0,0,0,0
275.118,0,0,0,0,0,0
275.123,0,0,0,0,0,0
275.1273,0,0,0,0,0,0
275.131,0,0,0,0,0,0
275.135,0,0,0,0,0,0
275.1395,0,0,0,0,0,0
275.1431,0,0,0,0,0,0
275.1471,0,0,0,0,0,0
275.1515,0,0,0,0,0,0
275.1566,0,0,0,0,0,0
275.1753,0,0,0,0,0,0
275.1797,0,0,0,0,0,0
275.1843,0,0,0,0,0,0
275.1886,0,0,0,0,0,0
275.1923,0,0,0,0,0,0
275.1961,0,0,0,0,0,0
275.1998,0,0,0,0,0,0
275.2037,0,0,0,0,0,0
275.2081,0,0,0,0,0,0
275.2121,0,0,0,0,0,0
275.2186,0,0,0,0,0,0
275.2236,0,0,0,0,0,0
275.2282,0,0,0,0,0,0
275.2326,0,0,0,0,0,0
275.2372,0,0,0,0,0,0
275.2411,0,0,0,0,0,0
275.2456,0,0,0,0,0,0
275.2503,0,0,0,0,0,0
275.2544,0,0,0,0,0,0
275.2587,0,0,0,0,0,0
275.2632,0,0,0,0,0,0
275.2669,0,0,0,0,0,0
275.2708,0,0,0,0,0,0
275.2746,0,0,0,0,0,0
275.2793,0,0,0,0,0,0
275.2851,0,0,0,0,0,0
275.3049,0,0,0,0,0,0
275.3093,0,0,0,0,0,0
275.3134,0,0,0,0,0,0
275.3174,0,0,0,0,0,0
275.321,0,0,0,0,0,0
275.3253,0,0,0,0,0,0
275.3294,0,0,0,0,0,0
275.333,0,0,0,0,0,0
275.3371,0,0,0,0,0,0
275.3409,0,0,0,0,0,0
275.3448,0,0,0,0,0,0
275.3487,0,0,0,0,0,0
275.3676,0,0,0,0,0,0
275.3869,0,0,0,0,0,0
275.3908,0,0,0,0,0,0
275.3947,0,0,0,0,0,0
275.3982,0,0,0,0,0,0
275.4023,0,0,0,0,0,0
275.4066,0,0,0,0,0,0
275.4105,0,0,0,0,0,0
275.4145,0,0,0,0,0,0
275.4181,0,0,0,0,0,0
275.4217,0,0,0,0,0,0
275.4268,0,0,0,0,0,0
275.4485,0,0,0,0,0,0
275.4528,0,0,0,0,0,0
275.4568,0,0,0,0,0,0
275.4607,0,0,0,0,0,0
275.4645,0,0,0,0,0,0
275.4688,0,0,0,0,0,0
275.4724,0,0,0,0,0,0
275.4758,0,0,0,0,0,0
275.4797,0,0,0,0,0,0
275.484,0,0,0,0,0,0
275.4891,0,0,0,0,0,0
275.5092,0,0,0,0,0,0
275.5138,0,0,0,0,0,0
275.5177,0,0,0,0,0,0
275.5227,0,0,0,0,0,0
275.5448,0,0,0,0,0,0
275.5673,0,0,0,0,0,0
275.5732,0,0,0,0,0,0
275.5916,0,0,0,0,0,0
275.5958,0,0,0,0,0,0
275.5998,0,0,0,0,0,0
275.6037,0,0,0,0,0,0
275.6078,0,0,0,0,0,0
275.612,0,0,0,0,0,0
275.6158,0,0,0,0,0,0
275.6205,0,0,0,0,0,0
275.6242,0,0,0,0,0,0
275.6279,0,0,0,0,0,0
275.6315,0,0,0,0,0,0
275.6356,0,0,0,0,0,0
275.6397,0,0,0,0,0,0
275.6437,0,0,0,0,0,0
275.6477,0,0,0,0,0,0
275.6519,0,0,0,0,0,0
275.6555,0,0,0,0,0,0
275.6594,0,0,0,0,0,0
275.6631,0,0,0,0,0,0
275.669,0,0,0,0,0,0
275.6898,0,0,0,0,0,0
275.6945,0,0,0,0,0,0
275.6995,0,0,0,0,0,0
275.7184,0,0,0,0,0,0
275.7227,0,0,0,0,0,0
275.7274,0,0,0,0,0,0
275.7315,0,0,0,0,0,0
275.7353,0,0,0,0,0,0
275.7394,0,0,0,0,0,0
275.7439,0,0,0,0,0,0
275.7486,0,0,0,0,0,0
275.7523,0,0,0,0,0,0
275.7563,0,0,0,0,0,0
275.7619,0,0,0,0,0,0
275.7665,0,0,0,0,0,0
275.7704,0,0,0,0,0,0
275.774,0,0,0,0,0,0
275.7791,0,0,0,0,0,0
275.7978,0,0,0,0,0,0
275.8023,0,0,0,0,0,0
275.8062,0,0,0,0,0,0
275.8104,0,0,0,0,0,0
275.8144,0,0,0,0,0,0
275.8185,0,0,0,0,0,0
275.8225,0,0,0,0,0,0
275.8268,0,0,0,0,0,0
275.8309,0,0,0,0,0,0
275.8352,0,0,0,0,0,0
275.8387,0,0,0,0,0,0
275.8436,0,0,0,0,0,0